id,name,rarity,description,cost,tags,damage,damageType,attunement,stackable,weightEach,image,shape,container,containerRows,containerCols
1_rod_of_the_pact_keeper,+1 Rod of the Pact Keeper,uncommon,"While holding this rod, you gain a +1 bonus to spell attack rolls and to the saving throw DCs of your Warlock spells. In addition, you can regain one spell slot as a Magic action while holding the rod. You can't use this property again until you finish a Long Rest.",,rod,,,true,,2,,,,,
1_wand_of_the_war_mage,+1 Wand of the War Mage,uncommon,"While holding this wand, you gain a +1 bonus to spell attack rolls. In addition, you ignore Half Cover when making a spell attack roll.",,wand,,,true,,1,,,,,
1_wraps_of_unarmed_power,+1 Wraps of Unarmed Power,uncommon,"While wearing these wraps, you have a +1 bonus to attack rolls and damage rolls made with your Unarmed Strikes. Those strikes deal your choice of Force damage or their normal damage type.",,wondrous_item,,,,,,,,,,
2_rod_of_the_pact_keeper,+2 Rod of the Pact Keeper,rare,"While holding this rod, you gain a +2 bonus to spell attack rolls and to the saving throw DCs of your Warlock spells. In addition, you can regain one spell slot as a Magic action while holding the rod. You can't use this property again until you finish a Long Rest.",,rod,,,true,,2,,,,,
2_wand_of_the_war_mage,+2 Wand of the War Mage,rare,"While holding this wand, you gain a +2 bonus to spell attack rolls. In addition, you ignore Half Cover when making a spell attack roll.",,wand,,,true,,1,,,,,
2_wraps_of_unarmed_power,+2 Wraps of Unarmed Power,rare,"While wearing these wraps, you have a +2 bonus to attack rolls and damage rolls made with your Unarmed Strikes. Those strikes deal your choice of Force damage or their normal damage type.",,wondrous_item,,,,,,,,,,
3_rod_of_the_pact_keeper,+3 Rod of the Pact Keeper,very_rare,"While holding this rod, you gain a +3 bonus to spell attack rolls and to the saving throw DCs of your Warlock spells. In addition, you can regain one spell slot as a Magic action while holding the rod. You can't use this property again until you finish a Long Rest.",,rod,,,true,,2,,,,,
3_wand_of_the_war_mage,+3 Wand of the War Mage,very_rare,"While holding this wand, you gain a +3 bonus to spell attack rolls. In addition, you ignore Half Cover when making a spell attack roll.",,wand,,,true,,1,,,,,
3_wraps_of_unarmed_power,+3 Wraps of Unarmed Power,very_rare,"While wearing these wraps, you have a +3 bonus to attack rolls and damage rolls made with your Unarmed Strikes. Those strikes deal your choice of Force damage or their normal damage type.",,wondrous_item,,,,,,,,,,
acid,Acid,common,,25gp,adventuring_gear,,,,,1,,,,,
airship,Airship,common,,40000gp,vehicle_(air),"Speed: 8 mphCarrying Capacity: 1 ton cargo, 20 passengersCrew 10, AC 13, HP 300",,,,,,,,,
alchemist_s_fire,Alchemist's Fire,common,,50gp,adventuring_gear,,,,,1,,,,,
alchemist_s_supplies,Alchemist's Supplies,common,"Ability: Intelligence Utilize: Identify a substance (DC 15), or start a fire (DC 15) Craft: Acid, Alchemist's Fire, Component Pouch, Oil, Paper, Perfume Artisan's Tools are each focused on crafting items and pursuing a trade. Each type of Artisan's Tools tools requires a separate proficiency. If you have proficiency with a tool, add your Proficiency Bonus to any ability check you make that uses the tool.",50gp,artisan's_tools,,,,,8,,,,,
alchemy_jug,Alchemy Jug,uncommon,"This ceramic jug appears to be able to hold a gallon of liquid and weighs 12 pounds whether full or empty. The jug sloshes when it is shaken, even if the jug is empty. You can take a Magic action and name one liquid from the",,wondrous_item,,,,,12,,,,,
ale_mug,Ale (mug),common,,4cp,food_and_drink,,,,,,,,,,
amulet,Amulet,common,"For an Amulet to be an effective Holy Symbol, it must be worn or held. A Holy Symbol takes a specific form and is bejeweled or painted to channel divine magic. A Cleric or Paladin can use a Holy Symbol as a Spellcasting Focus.",5gp,spellcasting_focus,,,,,1,,,,,
amulet_of_health,Amulet of Health,rare,Your Constitution score is 19 while you wear this amulet. It has no effect on you if your Constitution is already 19 or higher without it.,,wondrous_item,,,true,,1,,,,,
amulet_of_proof_against_detection_and_location,Amulet of Proof against Detection and Location,uncommon,"While wearing this amulet, you can't be targeted by Divination spells or perceived through magical scrying sensors unless you allow it.",,wondrous_item,,,true,,1,,,,,
amulet_of_the_planes,Amulet of the Planes,very_rare,"While wearing this amulet, you can take a Magic action to name a location that you are familiar with on another plane of existence. Then make a DC 15 Intelligence (Arcana) check. On a successful check, you cast Plane Shift.",,wondrous_item,,,true,,1,,,,,
animated_shield,Animated Shield,very_rare,"While holding this Shield, you can take a Bonus Action to cause it to animate. The Shield leaps into the air and hovers in your space to protect you as if you were wielding it, leaving your hands free. The Shield remains animate for 1 minute, until you take a Bonus Action to end this effect, or until you die or have the Incapacitated condition, at which point the Shield falls to the ground or into your hand if you have one free.",,shield_(shield),AC +2,,true,,6,,,,,
antitoxin,Antitoxin,common,"As a Bonus Action, you can drink a vial of Antitoxin to gain Advantage on saving throws to avoid or end the Poisoned condition for 1 hour.",50gp,adventuring_gear,,,,,,,,,,
apparatus_of_kwalish,Apparatus of Kwalish,legendary,"This item first appears to be a sealed iron barrel weighing 500 pounds. The barrel has a hidden catch, which can be found with a successful DC 20 Intelligence (Investigation) check. Releasing the catch unlocks a hatch at one end of the barrel, allowing two Medium or smaller creatures to crawl inside.",,wondrous_item,,,,,500,,,,,
arcane_focus,Arcane Focus,common,"An Arcane Focus takes a specific form and is bejeweled or carved to channel arcane magic. A Sorcerer, Warlock, or Wizard can use such an item as a Spellcasting Focus.",,spellcasting_focus,,,,,,,,,,
armor_of_invulnerability,Armor of Invulnerability,legendary,"You have Resistance to Bludgeoning, Piercing, and Slashing damage while you wear this armor. Metal Shell. You can take a Magic action to give yourself Immunity to Bludgeoning, Piercing, and Slashing damage for 10 minutes or until you are no longer wearing the armor.",,heavy_armor_(plate_armor),AC 18,,true,,65,,,,,
arrow,Arrow,common,"Arrows are used with a weapon that has the ammunition property to make a ranged attack. Each time you attack with the weapon, you expend one piece of ammunition. Drawing the ammunition from a quiver, case, or other container is part of the attack (you need a free hand to load a one-handed weapon).",5cp,ammunition,,,,,,,,,,
arrow_catching_shield,Arrow-Catching Shield,rare,"You gain a +2 bonus to Armor Class against ranged attack rolls while you wield this Shield. This bonus is in addition to the Shield's normal bonus to AC. Whenever an attacker makes a ranged attack roll against a target within 5 feet of you, you can take a Reaction to become the target of the attack instead.",,shield_(shield),AC +2,,true,,6,,,,,
arrows_20,Arrows (20),common,"Arrows are used with a weapon that has the ammunition property to make a ranged attack. Each time you attack with the weapon, you expend one piece of ammunition. Drawing the ammunition from a quiver, case, or other container is part of the attack (you need a free hand to load a one-handed weapon).",1gp,ammunition,,,,,1,,,,,
artisan_s_tools,Artisan's Tools,common,"Artisan's Tools are each focused on crafting items and pursuing a trade. Each type of Artisan's Tools tools requires a separate proficiency. If you have proficiency with a tool, add your Proficiency Bonus to any ability check you make that uses the tool.",,artisan's_tools,,,,,,,,,,
assassin_s_blood,Assassin's Blood,common,"A creature subjected to Assassin's Blood makes a DC 10 Constitution saving throw. On a failed save, the creature takes 6 (1d12) Poison damage and has the Poisoned condition for 24 hours. On a successful save, the creature takes half as much damage only.",150gp,adventuring_gear|poison_(ingested),,,,,,,,,,
axe_of_the_dwarvish_lords,Axe of the Dwarvish Lords,artifact,"A young dwarf prince set out to forge a weapon that would be regarded as a symbol of unity among his people. Venturing deep under the mountains, deeper than any dwarf had ever delved, the prince came to the blazing heart of a great volcano. With the aid of Moradin, a god of creation, he first crafted four mighty tools: the Starmetal Pick, the Earthheart Forge, the Anvil of Songs, and the Shaping Hammer.",,weapon_(battleaxe)|martial_weapon|melee_weapon,1d8,slashing,true,,4,,,,,
baba_yaga_s_dancing_broom,Baba Yaga's Dancing Broom,uncommon,"The archfey Baba Yaga crafted many of these magic brooms. No two appear exactly alike. While holding the broom, you can take a Magic action to transform it into an Animated Broom under your control.",,wondrous_item,,,true,,,,,,,
backpack,Backpack,common,A Backpack holds up to 30 pounds within 1 cubic foot. It can also serve as a saddlebag.,2gp,adventuring_gear,,,,,5,,,,,
bag_of_beans,Bag of Beans,rare,"This heavy cloth bag contains 3d4 dry beans when found. The bag weighs half a pound regardless of how many beans it contains and becomes a nonmagical item when it no longer contains any beans. If you dump one or more beans out of the bag, they explode in a 10-foot-radius Sphere centered on them.",,wondrous_item,,,,,,,,,,
bag_of_devouring,Bag of Devouring,very_rare,This bag resembles a Bag of Holding but is a feeding orifice for a gigantic extradimensional creature. Turning the bag inside out closes the orifice. The extradimensional creature attached to the bag can sense whatever is placed inside the bag.,,wondrous_item,,,,,,,,,,
bag_of_holding,Bag of Holding,uncommon,"This bag has an interior space considerably larger than its outside dimensions—roughly 2 feet square and 4 feet deep on the inside. The bag can hold up to 500 pounds, not exceeding a volume of 64 cubic feet. The bag weighs 5 pounds, regardless of its contents.",,wondrous_item,,,,,5,,,,,
bag_of_tricks,Bag of Tricks,uncommon,,,wondrous_item,,,,,,,,,,
bag_of_tricks_gray,"Bag of Tricks, Gray",uncommon,"This bag made from gray cloth appears empty. Reaching inside the bag, however, reveals the presence of a small, fuzzy object. You can take a Magic action to pull the fuzzy object from the bag and throw it up to 20 feet.",,wondrous_item,,,,,,,,,,
bag_of_tricks_rust,"Bag of Tricks, Rust",uncommon,"This bag made from rust cloth appears empty. Reaching inside the bag, however, reveals the presence of a small, fuzzy object. You can take a Magic action to pull the fuzzy object from the bag and throw it up to 20 feet.",,wondrous_item,,,,,,,,,,
bag_of_tricks_tan,"Bag of Tricks, Tan",uncommon,"This bag made from tan cloth appears empty. Reaching inside the bag, however, reveals the presence of a small, fuzzy object. You can take a Magic action to pull the fuzzy object from the bag and throw it up to 20 feet.",,wondrous_item,,,,,,,,,,
bagpipes,Bagpipes,common,"Ability: Charisma Utilize: Play a known tune (DC 10), or improvise a song (DC 15) If you have proficiency with a tool, add your Proficiency Bonus to any ability check you make that uses the tool. If you have proficiency in a skill that's used with that check, you have Advantage on the check too.",30gp,instrument,,,,,6,,,,,
ball_bearings,Ball Bearings,common,"As a Utilize action, you can spill Ball Bearings from their pouch. They spread to cover a level, 10-foot-square area within 10 feet of yourself. A creature that enters this area for the first time on a turn must succeed on a DC 10 Dexterity saving throw or have the Prone condition.",1gp,adventuring_gear,,,,,2,,,,,
barrel,Barrel,common,A Barrel holds up to 40 gallons of liquid or up to 4 cubic feet of dry goods.,2gp,adventuring_gear,,,,,70,,,,,
basic_poison,Basic Poison,common,"As a Bonus Action, you can use a vial of Basic Poison to coat one weapon or up to three pieces of ammunition. A creature that takes Piercing or Slashing damage from the poisoned weapon or ammunition takes an extra 1d4 Poison damage. Once applied, the poison retains potency for 1 minute or until its damage is dealt, whichever comes first.",100gp,adventuring_gear|poison,,,,,,,,,,
basket,Basket,common,A Basket holds up to 40 pounds within 2 cubic feet.,4sp,adventuring_gear,,,,,2,,,,,
battleaxe,Battleaxe,common,,10gp,weapon|martial_weapon|melee_weapon,1d8,slashing,,,4,,,,,
bead_of_force,Bead of Force,rare,"This small black sphere measures 3/4 of an inch in diameter and weighs an ounce. Typically, 1d4 + 4 Beads of Force are found together. You can take a Magic action to throw the bead up to 60 feet.",,wondrous_item,,,,,,,,,,
bead_of_nourishment,Bead of Nourishment,common,"This flavorless, gelatinous bead dissolves on your tongue and provides as much nourishment as 1 day of Rations.",,wondrous_item,,,,,,,,,,
bead_of_refreshment,Bead of Refreshment,common,"This flavorless, gelatinous bead dissolves in liquid, transforming up to a pint of the liquid into fresh, cold drinking water. The bead has no effect on magical liquids or harmful substances such as poison.",,wondrous_item,,,,,,,,,,
bedroll,Bedroll,common,"A Bedroll sleeps one Small or Medium creature. While in a Bedroll, you automatically succeed on saving throws against extreme cold (see the Dungeon Master's Guide).",1gp,adventuring_gear,,,,,7,,,,,
bell,Bell,common,"When rung as a Utilize action, a Bell produces a sound that can be heard up to 60 feet away.",1gp,adventuring_gear,,,,,,,,,,
belt_of_cloud_giant_strength,Belt of Cloud Giant Strength,legendary,"While wearing this belt, your Strength score changes to 27. The item has no effect on you if your Strength without the belt is equal to or greater than the belt's score.",,wondrous_item,,,true,,,,,,,
belt_of_dwarvenkind,Belt of Dwarvenkind,rare,"While wearing this belt, you gain the following benefits: Dwarvish. You know Dwarvish. Friend of Dwarvenkind.",,wondrous_item,,,true,,,,,,,
belt_of_fire_giant_strength,Belt of Fire Giant Strength,very_rare,"While wearing this belt, your Strength score changes to 25. The item has no effect on you if your Strength without the belt is equal to or greater than the belt's score.",,wondrous_item,,,true,,,,,,,
belt_of_frost_giant_strength,Belt of Frost Giant Strength,very_rare,"While wearing this belt, your Strength score changes to 23. The item has no effect on you if your Strength without the belt is equal to or greater than the belt's score.",,wondrous_item,,,true,,,,,,,
belt_of_giant_strength,Belt of Giant Strength,common,BeltStr.RarityBelt of Hill Giant Strength21RareBelt of Frost Giant Strength or Belt of Stone Giant Strength23Very RareBelt of Fire Giant Strength25Very RareBelt of Cloud Giant Strength27LegendaryBelt of Storm Giant Strength29Legendary,,wondrous_item,,,true,,,,,,,
belt_of_hill_giant_strength,Belt of Hill Giant Strength,rare,"While wearing this belt, your Strength score changes to 21. The item has no effect on you if your Strength without the belt is equal to or greater than the belt's score.",,wondrous_item,,,true,,,,,,,
belt_of_stone_giant_strength,Belt of Stone Giant Strength,very_rare,"While wearing this belt, your Strength score changes to 23. The item has no effect on you if your Strength without the belt is equal to or greater than the belt's score.",,wondrous_item,,,true,,,,,,,
belt_of_storm_giant_strength,Belt of Storm Giant Strength,legendary,"While wearing this belt, your Strength score changes to 29. The item has no effect on you if your Strength without the belt is equal to or greater than the belt's score.",,wondrous_item,,,true,,,,,,,
black_dragon_scale_mail,Black Dragon Scale Mail,very_rare,"Dragon Scale Mail is made of the scales of one kind of dragon. Sometimes dragons collect their cast-off scales and gift them. Other times, hunters carefully preserve the hide of a dead dragon.",,medium_armor_(scale_mail),AC 14 + Dex (max 2),,true,,45,,,,,
blackrazor,Blackrazor,artifact,"Hidden in the dungeon of White Plume Mountain, Blackrazor shines like a piece of night sky filled with stars. Its black scabbard is decorated with pieces of cut obsidian. You gain a +3 bonus to attack rolls and damage rolls made with this magic weapon.",,weapon_(greatsword)|martial_weapon|melee_weapon,2d6,slashing,true,,6,,,,,
blanket,Blanket,common,"While wrapped in a blanket, you have Advantage on saving throws against extreme cold (see the Dungeon Master's Guide).",5sp,adventuring_gear,,,,,3,,,,,
block_and_tackle,Block and Tackle,common,A Block and Tackle allows you to hoist up to four times the weight you can normally lift.,1gp,adventuring_gear,,,,,5,,,,,
blowgun,Blowgun,common,,10gp,weapon|martial_weapon|ranged_weapon,1,piercing,,,1,,,,,
blue_dragon_scale_mail,Blue Dragon Scale Mail,very_rare,"Dragon Scale Mail is made of the scales of one kind of dragon. Sometimes dragons collect their cast-off scales and gift them. Other times, hunters carefully preserve the hide of a dead dragon.",,medium_armor_(scale_mail),AC 14 + Dex (max 2),,true,,45,,,,,
bolt,Bolt,common,"Crossbow bolts are used with a weapon that has the ammunition property to make a ranged attack. Each time you attack with the weapon, you expend one piece of ammunition. Drawing the ammunition from a quiver, case, or other container is part of the attack (you need a free hand to load a one-handed weapon).",5cp,ammunition,,,,,,,,,,
bolts_20,Bolts (20),common,"Crossbow bolts are used with a weapon that has the ammunition property to make a ranged attack. Each time you attack with the weapon, you expend one piece of ammunition. Drawing the ammunition from a quiver, case, or other container is part of the attack (you need a free hand to load a one-handed weapon).",1gp,ammunition,,,,,,,,,,
bomb,Bomb,common,"As an action, you can light a Bomb and throw it at a point up to 60 feet away, where it explodes. Each creature in a 5-foot-radius Sphere centered on that point makes a DC 12 Dexterity saving throw, taking 3d6 Fire damage on a failed save or half as much damage on a successful one.",100gp,explosive,,,,,1,,,,,
book,Book,common,"A Book contains fiction or nonfiction. If you consult an accurate nonfiction Book about its topic, you gain a +5 bonus to Intelligence (Arcana, History, Nature, or Religion) checks you make about that topic.",25gp,adventuring_gear,,,,,5,,,,,
book_of_exalted_deeds,Book of Exalted Deeds,artifact,"The definitive treatise on all that is good in the multiverse, the Book of Exalted Deeds figures prominently in many religions. Rather than being a scripture devoted to a particular faith, the book's authors filled the pages with their own visions of true virtue, providing guidance for defeating evil. The Book of Exalted Deeds rarely lingers in one place.",,wondrous_item,,,true,,5,,,,,
book_of_vile_darkness,Book of Vile Darkness,artifact,The contents of this foul manuscript are the meat and drink of the wicked. It contains knowledge so horrid that to even glimpse the scrawled pages invites doom. Most believe the lich-god Vecna authored the Book of Vile Darkness.,,wondrous_item,,,true,,5,,,,,
boots_of_elvenkind,Boots of Elvenkind,uncommon,"While you wear these boots, your steps make no sound, regardless of the surface you are moving across. You also have Advantage on Dexterity (Stealth) checks.",,wondrous_item,,,,,,,,,,
boots_of_false_tracks,Boots of False Tracks,common,"While wearing these boots, you can have them leave tracks like those of any kind of Humanoid of your size.",,wondrous_item,,,,,,,,,,
boots_of_levitation,Boots of Levitation,rare,"While you wear these boots, you can cast Levitate on yourself.",,wondrous_item,,,true,,,,,,,
boots_of_speed,Boots of Speed,rare,"While you wear these boots, you can take a Bonus Action to click the boots' heels together. If you do, the boots double your Speed, and any creature that makes an Opportunity Attack against you has Disadvantage on the attack roll. If you click your heels together again, you end the effect.",,wondrous_item,,,true,,,,,,,
boots_of_striding_and_springing,Boots of Striding and Springing,uncommon,"While you wear these boots, your Speed becomes 30 feet unless your Speed is higher, and your Speed isn't reduced by you carrying weight in excess of your carrying capacity or wearing Heavy Armor. Once on each of your turns, you can jump up to 30 feet by spending only 10 feet of movement.",,wondrous_item,,,true,,,,,,,
boots_of_the_winterlands,Boots of the Winterlands,uncommon,"These furred boots are snug and feel warm. While wearing them, you gain the following benefits. Cold Resistance.",,wondrous_item,,,true,,,,,,,
bowl_of_commanding_water_elementals,Bowl of Commanding Water Elementals,rare,"While this bowl is filled with water and you are within 5 feet of it, you can take a Magic action to summon a Water Elemental. The elemental appears in an unoccupied space as close to the bowl as possible, understands your languages, obeys your commands, and takes its turn immediately after you on your Initiative count. The elemental disappears after 1 hour, when it dies, or when you dismiss it as a Bonus Action.",,wondrous_item,,,,,,,,,,
bracers_of_archery,Bracers of Archery,uncommon,"While wearing these bracers, you have proficiency with the Longbow and Shortbow, and you gain a +2 bonus to damage rolls made with such weapons.",,wondrous_item,,,true,,,,,,,
bracers_of_defense,Bracers of Defense,rare,"While wearing these bracers, you gain a +2 bonus to Armor Class if you are wearing no armor and using no Shield.",,wondrous_item,,,true,,,,,,,
brass_dragon_scale_mail,Brass Dragon Scale Mail,very_rare,"Dragon Scale Mail is made of the scales of one kind of dragon. Sometimes dragons collect their cast-off scales and gift them. Other times, hunters carefully preserve the hide of a dead dragon.",,medium_armor_(scale_mail),AC 14 + Dex (max 2),,true,,45,,,,,
brazier_of_commanding_fire_elementals,Brazier of Commanding Fire Elementals,rare,"While you are within 5 feet of this brazier, you can take a Magic action to summon a Fire Elemental. The elemental appears in an unoccupied space as close to the brazier as possible, understands your languages, obeys your commands, and takes its turn immediately after you on your Initiative count. The elemental disappears after 1 hour, when it dies, or when you dismiss it as a Bonus Action.",,wondrous_item,,,,,,,,,,
bread_loaf,Bread (loaf),common,,2cp,food_and_drink,,,,,,,,,,
breastplate,Breastplate,common,,400gp,medium_armor,AC 14 + Dex (max 2),,,,20,,,,,
brewer_s_supplies,Brewer's Supplies,common,"Ability: Intelligence Utilize: Detect poisoned drink (DC 15), or identify alcohol (DC 10) Craft: Antitoxin Artisan's Tools are each focused on crafting items and pursuing a trade. Each type of Artisan's Tools tools requires a separate proficiency. If you have proficiency with a tool, add your Proficiency Bonus to any ability check you make that uses the tool.",20gp,artisan's_tools,,,,,9,,,,,
bronze_dragon_scale_mail,Bronze Dragon Scale Mail,very_rare,"Dragon Scale Mail is made of the scales of one kind of dragon. Sometimes dragons collect their cast-off scales and gift them. Other times, hunters carefully preserve the hide of a dead dragon.",,medium_armor_(scale_mail),AC 14 + Dex (max 2),,true,,45,,,,,
brooch_of_shielding,Brooch of Shielding,uncommon,"While wearing this brooch, you have Resistance to Force damage, and you have Immunity to damage from the Magic Missile spell.",,wondrous_item,,,true,,,,,,,
broom_of_flying,Broom of Flying,uncommon,"This wooden broom functions like a mundane broom until you stand astride it and take a Magic action to make it hover beneath you, at which time it can be ridden in the air. It has a Fly Speed of 50 feet. It can carry up to 400 pounds, but its Fly Speed becomes 30 feet while carrying over 200 pounds.",,wondrous_item,,,true,,,,,,,
bucket,Bucket,common,A Bucket holds up to half a cubic foot of contents.,5cp,adventuring_gear,,,,,2,,,,,
bullseye_lantern,Bullseye Lantern,common,A Bullseye Lantern burns Oil as fuel to cast Bright Light in a 60-foot Cone and Dim Light for an additional 60 feet.,10gp,adventuring_gear,,,,,2,,,,,
burglar_s_pack,Burglar's Pack,common,"A Burglar's Pack contains the following items: Backpack, Ball Bearings, Bell, 10 Candles, Crowbar, Hooded Lantern, 7 flasks of Oil, 5 days of Rations, Rope, Tinderbox, and Waterskin.",16gp,adventuring_gear,,,,,,,,,,
burnt_othur_fumes,Burnt Othur Fumes,common,"A creature subjected to Burnt Othur Fumes must succeed on a DC 13 Constitution saving throw or take 10 (3d6) Poison damage, and it must repeat the save at the start of each of its turns. On each successive failed save, the creature takes 3 (1d6) Poison damage. After three successful saves, the poison ends.",500gp,adventuring_gear|poison_(inhaled),,,,,,,,,,
calligrapher_s_supplies,Calligrapher's Supplies,common,"Ability: Dexterity Utilize: Write text with impressive flourishes that guard against forgery (DC 15) Craft: Ink, Spell Scroll Artisan's Tools are each focused on crafting items and pursuing a trade. Each type of Artisan's Tools tools requires a separate proficiency. If you have proficiency with a tool, add your Proficiency Bonus to any ability check you make that uses the tool.",10gp,artisan's_tools,,,,,5,,,,,
caltrops,Caltrops,common,"As a Utilize action, you can spread Caltrops from their bag to cover a 5-foot-square area within 5 feet of yourself. A creature that enters this area for the first time on a turn must succeed on a DC 15 Dexterity saving throw or take 1 Piercing damage and have its Speed reduced to 0 until the start of its next turn. It takes 10 minutes to recover the Caltrops.",1gp,adventuring_gear,,,,,2,,,,,
camel,Camel,common,,50gp,mount,"Speed: 50, Carrying Capacity: 450 lb.",,,,,,,,,
candle,Candle,common,"For 1 hour, a lit Candle sheds Bright Light in a 5-foot radius and Dim Light for an additional 5 feet.",1cp,adventuring_gear,,,,,,,,,,
candle_of_invocation,Candle of Invocation,very_rare,"This candle's magic is activated when the candle is lit, which requires a Magic action. After burning for 4 hours, the candle is destroyed. You can snuff it out early for use at a later time.",,wondrous_item,,,true,,,,,,,
candle_of_the_deep,Candle of the Deep,common,The flame of this candle isn't extinguished when immersed in water. It gives off light and heat like a normal candle.,,wondrous_item,,,,,,,,,,
canvas_1_sq_yd,Canvas (1 sq. yd.),common,Merchants commonly exchange trade goods without using currency.,1sp,trade_good,,,,,,,,,,
cap_of_water_breathing,Cap of Water Breathing,uncommon,"While wearing this cap underwater, you can take a Magic action to create a bubble of air around your head. This bubble allows you to breathe normally underwater. This bubble stays with you until the cap is removed or you are no longer underwater.",,wondrous_item,,,,,,,,,,
cape_of_the_mountebank,Cape of the Mountebank,rare,"This cape smells faintly of brimstone. While wearing it, you can use it to cast Dimension Door as a Magic action. This property can't be used again until the next dawn.",,wondrous_item,,,,,,,,,,
carpenter_s_tools,Carpenter's Tools,common,"Ability: Strength Utilize: Seal or pry open a door or container (DC 20) Craft: Club, Greatclub, Quarterstaff, Barrel, Chest, Ladder, Pole, Portable Ram, Torch Artisan's Tools are each focused on crafting items and pursuing a trade. Each type of Artisan's Tools tools requires a separate proficiency. If you have proficiency with a tool, add your Proficiency Bonus to any ability check you make that uses the tool.",8gp,artisan's_tools,,,,,6,,,,,
carpet_of_flying,Carpet of Flying,very_rare,You can make this carpet hover and fly by taking a Magic action and using the carpet's command word. It moves according to your directions if you are within 30 feet of it. Four sizes of Carpet of Flying exist.,,wondrous_item,,,,,,,,,,
carpet_of_flying_3_ft_5_ft,"Carpet of Flying, 3 ft. × 5 ft.",very_rare,You can make this carpet hover and fly by taking a Magic action and using the carpet's command word. It moves according to your directions if you are within 30 feet of it. A 3 ft. × 5 ft. carpet can carry up to 200 lb. at a fly speed of 80 feet.,,wondrous_item,,,,,,,,,,
carpet_of_flying_4_ft_6_ft,"Carpet of Flying, 4 ft. × 6 ft.",very_rare,You can make this carpet hover and fly by taking a Magic action and using the carpet's command word. It moves according to your directions if you are within 30 feet of it. A 4 ft. × 6 ft. carpet can carry up to 400 lb. at a fly speed of 60 feet.,,wondrous_item,,,,,,,,,,
carpet_of_flying_5_ft_7_ft,"Carpet of Flying, 5 ft. × 7 ft.",very_rare,You can make this carpet hover and fly by taking a Magic action and using the carpet's command word. It moves according to your directions if you are within 30 feet of it. A 5 ft. × 7 ft. carpet can carry up to 600 lb. at a fly speed of 40 feet.,,wondrous_item,,,,,,,,,,
carpet_of_flying_6_ft_9_ft,"Carpet of Flying, 6 ft. × 9 ft.",very_rare,You can make this carpet hover and fly by taking a Magic action and using the carpet's command word. It moves according to your directions if you are within 30 feet of it. A 6 ft. × 9 ft. carpet can carry up to 800 lb. at a fly speed of 30 feet.,,wondrous_item,,,,,,,,,,
carriage,Carriage,common,,100gp,vehicle_(land),,,,,600,,,,,
carrion_crawler_mucus,Carrion Crawler Mucus,common,"A creature subjected to Carrion Crawler Mucus must succeed on a DC 13 Constitution saving throw or have the Poisoned condition for 1 minute. The creature also has the Paralyzed condition while Poisoned in this way. The creature repeats the save at the end of each of its turns, ending the effect on itself on a success.",200gp,adventuring_gear|poison_(contact),,,,,,,,,,
cart,Cart,common,,15gp,vehicle_(land),,,,,200,,,,,
cartographer_s_tools,Cartographer's Tools,common,"Ability: Wisdom Utilize: Draft a map of a small area (DC 15) Craft: Map Artisan's Tools are each focused on crafting items and pursuing a trade. Each type of Artisan's Tools tools requires a separate proficiency. If you have proficiency with a tool, add your Proficiency Bonus to any ability check you make that uses the tool.",15gp,artisan's_tools,,,,,6,,,,,
cauldron_of_rebirth,Cauldron of Rebirth,very_rare,"This Tiny pot bears relief scenes of heroes on its cast-iron sides. You can use the cauldron as a Spellcasting Focus for your spells, and it functions as a suitable component for the Scrying spell. Brew Potion.",,wondrous_item,,,true,,,,,,,
censer_of_controlling_air_elementals,Censer of Controlling Air Elementals,rare,"While gently swinging this censer, you can take a Magic action to summon an Air Elemental. The elemental appears in an unoccupied space as close to the censer as possible, understands your languages, obeys your commands, and takes its turn immediately after you on your Initiative count. The elemental disappears after 1 hour, when it dies, or when you dismiss it as a Bonus Action.",,wondrous_item,,,,,,,,,,
chain,Chain,common,"As a Utilize action, you can wrap a Chain around an unwilling creature within 5 feet of yourself that has the Grappled, Incapacitated, or Restrained condition if you succeed on a DC 13 Strength (Athletics) check. If the creature's legs are bound, the creature has the Restrained condition until it escapes. Escaping the Chain requires the creature to make a successful DC 18 Dexterity (Acrobatics) check as an action.",5gp,adventuring_gear,,,,,10,,,,,
chain_mail,Chain Mail,common,"The wearer has Disadvantage on Dexterity (Stealth) checks. If the wearer has a Strength score lower than 13, their speed is reduced by 10 feet.",75gp,heavy_armor,AC 16,,,,55,,,,,
chain_shirt,Chain Shirt,common,,50gp,medium_armor,AC 13 + Dex (max 2),,,,20,,,,,
chariot,Chariot,common,,250gp,vehicle_(land),,,,,100,,,,,
charlatan_s_die,Charlatan's Die,common,"Whenever you roll this six-sided die, you can control which number it rolls.",,wondrous_item,,,true,,,,,,,
cheese_wedge,Cheese (wedge),common,,1sp,food_and_drink,,,,,,,,,,
chest,Chest,common,A Chest holds up to 12 cubic feet of contents.,5gp,adventuring_gear,,,,,25,,,,,
chicken,Chicken,common,Merchants commonly exchange trade goods without using currency.,2cp,trade_good,,,,,,,,,,
chime_of_opening,Chime of Opening,rare,"This hollow metal tube measures about 1 foot long and weighs 1 pound. As a Magic action, you can strike the chime to cast Knock. The spell's customary knocking sound is replaced by the clear, ringing tone of the chime, which is audible out to 300 feet.",,wondrous_item,,,,,1,,,,,
cinnamon,Cinnamon,common,Merchants commonly exchange trade goods without using currency.,2gp,trade_good,,,,,1,,,,,
circlet_of_blasting,Circlet of Blasting,uncommon,"While wearing this circlet, you can cast Scorching Ray with it (+5 to hit). The circlet can't cast this spell again until the next dawn.",,wondrous_item,,,,,,,,,,
climber_s_kit,Climber's Kit,common,"A Climber's Kit includes boot tips, gloves, pitons, and a harness. As a Utilize action, you can use the Climber's Kit to anchor yourself; when you do, you can't fall more than 25 feet from the anchor point, and you can't move more than 25 feet from there without undoing the anchor as a Bonus Action.",25gp,adventuring_gear,,,,,12,,,,,
cloak_of_arachnida,Cloak of Arachnida,very_rare,"This fine garment is made of black silk interwoven with faint, silvery threads. While wearing it, you gain the following benefits. Poison Resistance.",,wondrous_item,,,true,,,,,,,
cloak_of_billowing,Cloak of Billowing,common,"While wearing this cloak, you can take a Bonus Action to make it billow dramatically for 1 minute.",,wondrous_item,,,,,,,,,,
cloak_of_displacement,Cloak of Displacement,rare,"While you wear this cloak, it magically projects an illusion that makes you appear to be standing in a place near your actual location, causing any creature to have Disadvantage on attack rolls against you. If you take damage, the property ceases to function until the start of your next turn. This property is suppressed while your Speed is 0.",,wondrous_item,,,true,,,,,,,
cloak_of_elvenkind,Cloak of Elvenkind,uncommon,"While you wear this cloak, Wisdom (Perception) checks made to perceive you have Disadvantage, and you have Advantage on Dexterity (Stealth) checks.",,wondrous_item,,,true,,,,,,,
cloak_of_invisibility,Cloak of Invisibility,legendary,"This cloak has 3 charges and regains 1d3 expended charges daily at dawn. While wearing the cloak, you can take a Magic action to pull its hood over your head and expend 1 charge to give yourself the Invisible condition for 1 hour. The effect ends early if you pull the hood down (no action required) or cease wearing the hood.",,wondrous_item,,,true,,,,,,,
cloak_of_many_fashions,Cloak of Many Fashions,common,"While wearing this cloak, you can take a Bonus Action to change the style, color, and apparent quality of the garment. The cloak's weight doesn't change. Regardless of its appearance, the cloak can't be anything but a cloak.",,wondrous_item,,,,,,,,,,
cloak_of_protection,Cloak of Protection,uncommon,You gain a +1 bonus to Armor Class and saving throws while you wear this cloak.,,wondrous_item,,,true,,,,,,,
cloak_of_the_bat,Cloak of the Bat,rare,"While wearing this cloak, you have Advantage on Dexterity (Stealth) checks. In an area of Dim Light or Darkness, you can grip the edges of the cloak and use it to gain a Fly Speed of 40 feet. If you ever fail to grip the cloak's edges while flying in this way, or if you are no longer in Dim Light or Darkness, you lose this Fly Speed.",,wondrous_item,,,true,,,,,,,
cloak_of_the_manta_ray,Cloak of the Manta Ray,uncommon,"While wearing this cloak, you can breathe underwater, and you have a Swim Speed of 60 feet.",,wondrous_item,,,true,,,,,,,
clockwork_amulet,Clockwork Amulet,common,"This copper amulet contains tiny interlocking gears and is powered by magic from Mechanus, a plane of clockwork predictability. Faint ticking and whirring noises emanate from within. When you make an attack roll while wearing the amulet, you can forgo rolling the d20 to get a 10 on the die.",,wondrous_item,,,,,,,,,,
clothes_of_mending,Clothes of Mending,common,This elegant outfit magically mends itself to counteract daily wear and tear. Pieces of the outfit that are destroyed can't be repaired in this way.,,wondrous_item,,,,,,,,,,
cloves,Cloves,common,Merchants commonly exchange trade goods without using currency.,3gp,trade_good,,,,,1,,,,,
club,Club,common,,1sp,weapon|simple_weapon|melee_weapon,1d4,bludgeoning,,,2,,,,,
cobbler_s_tools,Cobbler's Tools,common,"Ability: Dexterity Utilize: Modify footwear to give Advantage on the wearer's next Dexterity (Acrobatics) check (DC 10) Craft: Climber's Kit Artisan's Tools are each focused on crafting items and pursuing a trade. Each type of Artisan's Tools tools requires a separate proficiency. If you have proficiency with a tool, add your Proficiency Bonus to any ability check you make that uses the tool.",5gp,artisan's_tools,,,,,5,,,,,
common_wine_bottle,Common Wine (bottle),common,,2sp,food_and_drink,,,,,,,,,,
component_pouch,Component Pouch,common,A Component Pouch is watertight and filled with compartments that hold all the free Material components of your spells.,25gp,adventuring_gear,,,,,2,,,,,
cook_s_utensils,Cook's Utensils,common,"Ability: Wisdom Utilize: Improve food's flavor (DC 10), or detect spoiled or poisoned food (DC 15) Craft: Rations Artisan's Tools are each focused on crafting items and pursuing a trade. Each type of Artisan's Tools tools requires a separate proficiency. If you have proficiency with a tool, add your Proficiency Bonus to any ability check you make that uses the tool.",1gp,artisan's_tools,,,,,8,,,,,
copper,Copper,common,Merchants commonly exchange trade goods without using currency.,5sp,trade_good,,,,,1,,,,,
copper_dragon_scale_mail,Copper Dragon Scale Mail,very_rare,"Dragon Scale Mail is made of the scales of one kind of dragon. Sometimes dragons collect their cast-off scales and gift them. Other times, hunters carefully preserve the hide of a dead dragon.",,medium_armor_(scale_mail),AC 14 + Dex (max 2),,true,,45,,,,,
costume,Costume,common,"While wearing a Costume, you have Advantage on any ability check you make to impersonate the person or type of person it represents.",5gp,adventuring_gear,,,,,4,,,,,
cotton_cloth_1_sq_yd,Cotton Cloth (1 sq. yd.),common,Merchants commonly exchange trade goods without using currency.,5sp,trade_good,,,,,,,,,,
cow,Cow,common,Merchants commonly exchange trade goods without using currency.,10gp,trade_good,,,,,,,,,,
crossbow_bolt_case,Crossbow Bolt Case,common,A Crossbow Bolt Case holds up to 20 Bolts.,1gp,adventuring_gear,,,,,1,,,,,
crowbar,Crowbar,common,Using a Crowbar gives you Advantage on Strength checks where the Crowbar's leverage can be applied.,2gp,adventuring_gear,,,,,5,,,,,
crystal,Crystal,common,"An Arcane Focus takes a specific form and is bejeweled or carved to channel arcane magic. A Sorcerer, Warlock, or Wizard can use such an item as a Spellcasting Focus.",10gp,spellcasting_focus,,,,,1,,,,,
crystal_ball,Crystal Ball,very_rare,"The typical crystal ball, a very rare item, is about 6 inches in diameter. While touching it, you can cast the Scrying spell (save DC 17) with it.",,wondrous_item,,,true,,3,,,,,
crystal_ball_of_mind_reading,Crystal Ball of Mind Reading,legendary,"While touching this crystal orb, you can cast Scrying (save DC 17) with it. In addition, you can cast Detect Thoughts (save DC 17) targeting creatures you can see within 30 feet of the spell's sensor. You don't need to concentrate on this Detect Thoughts spell to maintain it during its duration, but it ends if the Scrying spell ends.",,wondrous_item,,,true,,3,,,,,
crystal_ball_of_telepathy,Crystal Ball of Telepathy,legendary,"While touching this crystal orb, you can cast Scrying (save DC 17) with it. In addition, you can communicate telepathically with creatures you can see within 30 feet of the spell's sensor. You can also cast Suggestion (save DC 17) through the sensor on one of those creatures.",,wondrous_item,,,true,,3,,,,,
crystal_ball_of_true_seeing,Crystal Ball of True Seeing,legendary,"While touching this crystal orb, you can cast Scrying (save DC 17) with it. In addition, you have Truesight with a range of 120 feet centered on the spell's sensor.",,wondrous_item,,,true,,3,,,,,
cube_of_force,Cube of Force,rare,"This cube is about an inch across. Each face has a distinct marking on it. You can press one of those faces, expend the number of charges required for it, and thereby cast the spell associated with it (save DC 17), as shown in the Cube of Force Faces table.",,wondrous_item,,,true,,,,,,,
cube_of_summoning,Cube of Summoning,rare,"This Tiny cube looks like a jack-in-the-box. When you wind its crank as a Magic action, a merry tune emits from the box, the lid pops open, a creature appears in the nearest unoccupied space, and the lid closes. The lid can't otherwise be opened.",,wondrous_item,,,,,,,,,,
cubic_gate,Cubic Gate,legendary,"This cube is 3 inches across and radiates palpable magical energy. The six sides of the cube are each keyed to a different plane of existence, one of which is the Material Plane. The other sides are linked to planes determined by the DM.",,wondrous_item,,,,,,,,,,
daern_s_instant_fortress,Daern's Instant Fortress,rare,"As a Magic action, you can place this 1-inch adamantine statuette on the ground and, using a command word, cause it to grow rapidly into a square adamantine tower. Repeating the command word causes the tower to revert to statuette form, which works only if the tower is empty. Each creature in the area where the tower appears is pushed to an unoccupied space outside but next to the tower.",,wondrous_item,,,true,,,,,,,
dagger,Dagger,common,,2gp,weapon|simple_weapon|melee_weapon,1d4,piercing,,,1,,,,,
dagger_of_venom,Dagger of Venom,rare,You gain a +1 bonus to attack rolls and damage rolls made with this magic weapon. You can take a Bonus Action to magically coat the blade with poison. The poison remains for 1 minute or until an attack using this weapon hits a creature.,,weapon_(dagger)|simple_weapon|melee_weapon,1d4,piercing,,,1,,,,,
dark_shard_amulet,Dark Shard Amulet,common,"This amulet is fashioned from a shard of resilient material originating from an otherworldly realm. While you are wearing it, you gain the following benefits. Spellcasting Focus.",,wondrous_item|spellcasting_focus,,,true,,1,,,,,
dart,Dart,common,,5cp,weapon|simple_weapon|ranged_weapon,1d4,piercing,,,,,,,,
decanter_of_endless_water,Decanter of Endless Water,uncommon,"This stoppered flask sloshes when shaken, as if it contains water. The decanter weighs 2 pounds. You can take a Magic action to remove the stopper and issue one of three command words, whereupon an amount of fresh water or salt water (your choice) pours out of the flask.",,wondrous_item,,,,,2,,,,,
deck_of_illusions,Deck of Illusions,uncommon,This box contains a set of cards. A full deck has 34 cards: 32 depicting specific creatures and two with a mirrored surface. A deck found as treasure is usually missing 1d20 - 1 cards.,,wondrous_item,,,,,,,,,,
deck_of_many_things,Deck of Many Things,legendary,"Usually found in a box or pouch, this deck contains a number of cards made of ivory or vellum. Most (75 percent) of these decks have thirteen cards, but some have twenty-two. Use the appropriate column of the Deck of Many Things table when randomly determining cards drawn from the deck.",,wondrous_item,,,,,,,,,,
demonomicon_of_iggwilv,Demonomicon of Iggwilv,artifact,"This treatise, composed by Iggwilv the archmage, documents the Abyss's layers and inhabitants and is widely regarded as the most thorough and blasphemous tome of demonology in the multiverse. The tome recounts both the oldest and most current profanities of the Abyss and demons. Demons have attempted to censor the text, and while sections have been ripped from the book's spine, the general chapters remain, ever revealing demonic secrets.",,wondrous_item,,,true,,,,,,,
dice_set,Dice Set,common,"Ability: Wisdom Utilize: Discern whether someone is cheating (DC 10), or win the game (DC 20) If you have proficiency with a tool, add your Proficiency Bonus to any ability check you make that uses the tool. If you have proficiency in a skill that's used with that check, you have Advantage on the check too.",1sp,gaming_set,,,,,,,,,,
dimensional_shackles,Dimensional Shackles,rare,"You can take a Utilize action to place these shackles on a creature that has the Incapacitated condition. The shackles adjust to fit a creature of Small to Large size. The shackles prevent a creature bound by them from using any method of extradimensional movement, including teleportation or travel to a different plane of existence.",,wondrous_item,,,,,,,,,,
diplomat_s_pack,Diplomat's Pack,common,"A Diplomat's Pack contains the following items: Chest, Fine Clothes, Ink, 5 Ink Pens, Lamp, 2 Map or Scroll Cases, 4 flasks of Oil, 5 sheets of Paper, 5 sheets of Parchment, Perfume, and Tinderbox.",39gp,adventuring_gear,,,,,39,,,,,
disguise_kit,Disguise Kit,common,"Ability: Charisma Utilize: Apply makeup (DC 10) Craft: Costume If you have proficiency with a tool, add your Proficiency Bonus to any ability check you make that uses the tool. If you have proficiency in a skill that's used with that check, you have Advantage on the check too.",25gp,tool,,,,,3,,,,,
draft_horse,Draft Horse,common,,50gp,mount,"Speed: 40, Carrying Capacity: 540 lb.",,,,,,,,,
dragon_scale_mail,Dragon Scale Mail,very_rare,The wearer has Disadvantage on Dexterity (Stealth) checks.,,medium_armor_(scale_mail),AC 14 + Dex (max 2),,true,,45,,,,,
dragonchess_set,Dragonchess Set,common,"Ability: Wisdom Utilize: Discern whether someone is cheating (DC 10), or win the game (DC 20) If you have proficiency with a tool, add your Proficiency Bonus to any ability check you make that uses the tool. If you have proficiency in a skill that's used with that check, you have Advantage on the check too.",1gp,gaming_set,,,,,,,,,,
dread_helm,Dread Helm,common,"While you're wearing this fearsome steel helm, your eyes glow red and the rest of your face is hidden in shadow.",,wondrous_item,,,,,,,,,,
driftglobe,Driftglobe,uncommon,"This small sphere of thick glass weighs 1 pound. If you are within 60 feet of it, you can command it to emanate light equivalent to that of the Light or Daylight spell (your choice). Once used, the Daylight effect can't be used again until the next dawn.",,wondrous_item,,,,,1,,,,,
druidic_focus,Druidic Focus,common,"A Druidic Focus takes a specific form and is carved, tied with ribbon, or painted to channel primal magic. A Druid or Ranger can use such an object as a Spellcasting Focus.",,spellcasting_focus,,,,,,,,,,
drum,Drum,common,"Ability: Charisma Utilize: Play a known tune (DC 10), or improvise a song (DC 15) If you have proficiency with a tool, add your Proficiency Bonus to any ability check you make that uses the tool. If you have proficiency in a skill that's used with that check, you have Advantage on the check too.",6gp,instrument,,,,,3,,,,,
dulcimer,Dulcimer,common,"Ability: Charisma Utilize: Play a known tune (DC 10), or improvise a song (DC 15) If you have proficiency with a tool, add your Proficiency Bonus to any ability check you make that uses the tool. If you have proficiency in a skill that's used with that check, you have Advantage on the check too.",25gp,instrument,,,,,10,,,,,
dungeoneer_s_pack,Dungeoneer's Pack,common,"A Dungeoneer's Pack contains the following items: Backpack, Caltrops, Crowbar, 2 flasks of Oil, 10 days of Rations, Rope, Tinderbox, 10 Torches, and Waterskin.",12gp,adventuring_gear,,,,,55,,,,,
dust_of_disappearance,Dust of Disappearance,uncommon,"This powder resembles fine sand. There is enough of it for one use. When you take a Utilize action to throw the dust into the air, you and each creature and object within a 10-foot Emanation originating from you have the Invisible condition for 2d4 minutes.",,wondrous_item,,,,,,,,,,
dust_of_dryness,Dust of Dryness,uncommon,"This small packet contains 1d6 + 4 pinches of dust. As a Utilize action, you can sprinkle a pinch of the dust over water, turning up to a 15-foot Cube of water into one marble-sized pellet, which floats or rests near where the dust was sprinkled. The pellet's weight is negligible.",,wondrous_item,,,,,,,,,,
dust_of_sneezing_and_choking,Dust of Sneezing and Choking,uncommon,"Found in a small container, this powder resembles Dust of Disappearance, and Identify reveals it to be such. There is enough of it for one use. As a Utilize action, you can throw the dust into the air, forcing yourself and every creature in a 30-foot Emanation originating from you to make a DC 15 Constitution saving throw.",,wondrous_item,,,,,,,,,,
dwarven_thrower,Dwarven Thrower,very_rare,"You gain a +3 bonus to attack rolls and damage rolls made with this magic weapon. It has Thrown with a normal range of 20 feet and a long range of 60 feet. When you hit with a ranged attack using this weapon, it deals an extra 1d8 Force damage, or an extra 2d8 Force damage if the target is a Giant.",,weapon_(warhammer)|martial_weapon|melee_weapon,1d8,bludgeoning,true,,5,,,,,
ear_horn_of_hearing,Ear Horn of Hearing,common,"While held up to your ear, this horn suppresses the effects of the Deafened condition on you.",,wondrous_item,,,,,,,,,,
efreeti_bottle,Efreeti Bottle,very_rare,"When you take a Magic action to remove the stopper of this painted brass bottle, a cloud of thick smoke flows out of it. At the end of your turn, the smoke disappears with a flash of harmless fire, and an Efreeti appears in an unoccupied space within 30 feet of you. The first time the bottle is opened, the DM rolls on the following table to determine what happens.",,wondrous_item,,,,,,,,,,
elemental_gem,Elemental Gem,uncommon,,,wondrous_item,,,,,,,,,,
elemental_gem_blue_sapphire,"Elemental Gem, Blue Sapphire",uncommon,"This gem contains a mote of elemental energy. When you take a Utilize action to break the gem, an Air Elemental is summoned, and the gem ceases to be magical. The elemental appears in an unoccupied space as close to the broken gem as possible, understands your languages, obeys your commands, and takes its turn immediately after you on your Initiative count.",,wondrous_item,,,,,,,,,,
elemental_gem_emerald,"Elemental Gem, Emerald",uncommon,"This gem contains a mote of elemental energy. When you take a Utilize action to break the gem, a Water Elemental is summoned, and the gem ceases to be magical. The elemental appears in an unoccupied space as close to the broken gem as possible, understands your languages, obeys your commands, and takes its turn immediately after you on your Initiative count.",,wondrous_item,,,,,,,,,,
elemental_gem_red_corundum,"Elemental Gem, Red Corundum",uncommon,"This gem contains a mote of elemental energy. When you take a Utilize action to break the gem, a Fire Elemental is summoned, and the gem ceases to be magical. The elemental appears in an unoccupied space as close to the broken gem as possible, understands your languages, obeys your commands, and takes its turn immediately after you on your Initiative count.",,wondrous_item,,,,,,,,,,
elemental_gem_yellow_diamond,"Elemental Gem, Yellow Diamond",uncommon,"This gem contains a mote of elemental energy. When you take a Utilize action to break the gem, an Earth Elemental is summoned, and the gem ceases to be magical. The elemental appears in an unoccupied space as close to the broken gem as possible, understands your languages, obeys your commands, and takes its turn immediately after you on your Initiative count.",,wondrous_item,,,,,,,,,,
elephant,Elephant,common,,200gp,mount,"Speed: 40, Carrying Capacity: 1320 lb.",,,,,,,,,
elixir_of_health,Elixir of Health,rare,"When you drink this potion, you are cured of all magical contagions. In addition, the following conditions end on you: Blinded, Deafened, Paralyzed, and Poisoned. The clear, red liquid has tiny bubbles of light in it.",,potion,,,,,,,,,,
emblem,Emblem,common,"For an Emblem to be an effective Holy Symbol, it must be borne on fabric (such as a tabard or banner) or a Shield. A Holy Symbol takes a specific form and is bejeweled or painted to channel divine magic. A Cleric or Paladin can use a Holy Symbol as a Spellcasting Focus.",5gp,spellcasting_focus,,,,,,,,,,
enduring_spellbook,Enduring Spellbook,common,"This spellbook, along with anything written on its pages, can't be damaged by fire or water. In addition, the spellbook doesn't deteriorate with age.",,wondrous_item,,,,,,,,,,
enspelled_staff,Enspelled Staff,common,,,staff|weapon|simple_weapon|melee_weapon,1d6,bludgeoning,true,,4,,,,,
enspelled_staff_cantrip,Enspelled Staff (Cantrip),uncommon,Bound into this staff is a cantrip. The cantrip is determined when the staff is created and can be of any school of magic. The staff has 6 charges and regains 1d6 expended charges daily at dawn.,,staff|weapon|simple_weapon|melee_weapon,1d6,bludgeoning,true,,4,,,,,
enspelled_staff_level_1,Enspelled Staff (Level 1),uncommon,Bound into this staff is a level 1 spell. The spell is determined when the staff is created and can be of any school of magic. The staff has 6 charges and regains 1d6 expended charges daily at dawn.,,staff|weapon|simple_weapon|melee_weapon,1d6,bludgeoning,true,,4,,,,,
enspelled_staff_level_2,Enspelled Staff (Level 2),rare,Bound into this staff is a level 2 spell. The spell is determined when the staff is created and can be of any school of magic. The staff has 6 charges and regains 1d6 expended charges daily at dawn.,,staff|weapon|simple_weapon|melee_weapon,1d6,bludgeoning,true,,4,,,,,
enspelled_staff_level_3,Enspelled Staff (Level 3),rare,Bound into this staff is a level 3 spell. The spell is determined when the staff is created and can be of any school of magic. The staff has 6 charges and regains 1d6 expended charges daily at dawn.,,staff|weapon|simple_weapon|melee_weapon,1d6,bludgeoning,true,,4,,,,,
enspelled_staff_level_4,Enspelled Staff (Level 4),very_rare,Bound into this staff is a level 4 spell. The spell is determined when the staff is created and can be of any school of magic. The staff has 6 charges and regains 1d6 expended charges daily at dawn.,,staff|weapon|simple_weapon|melee_weapon,1d6,bludgeoning,true,,4,,,,,
enspelled_staff_level_5,Enspelled Staff (Level 5),very_rare,Bound into this staff is a level 5 spell. The spell is determined when the staff is created and can be of any school of magic. The staff has 6 charges and regains 1d6 expended charges daily at dawn.,,staff|weapon|simple_weapon|melee_weapon,1d6,bludgeoning,true,,4,,,,,
enspelled_staff_level_6,Enspelled Staff (Level 6),legendary,Bound into this staff is a level 6 spell. The spell is determined when the staff is created and can be of any school of magic. The staff has 6 charges and regains 1d6 expended charges daily at dawn.,,staff|weapon|simple_weapon|melee_weapon,1d6,bludgeoning,true,,4,,,,,
enspelled_staff_level_7,Enspelled Staff (Level 7),legendary,Bound into this staff is a level 7 spell. The spell is determined when the staff is created and can be of any school of magic. The staff has 6 charges and regains 1d6 expended charges daily at dawn.,,staff|weapon|simple_weapon|melee_weapon,1d6,bludgeoning,true,,4,,,,,
enspelled_staff_level_8,Enspelled Staff (Level 8),legendary,Bound into this staff is a level 8 spell. The spell is determined when the staff is created and can be of any school of magic. The staff has 6 charges and regains 1d6 expended charges daily at dawn.,,staff|weapon|simple_weapon|melee_weapon,1d6,bludgeoning,true,,4,,,,,
entertainer_s_pack,Entertainer's Pack,common,"An Entertainer's Pack contains the following items: Backpack, Bedroll, Bell, Bullseye Lantern, 3 Costumes, Mirror, 8 flasks of Oil, 9 days of Rations, Tinderbox, and Waterskin.",40gp,adventuring_gear,,,,,,,,,,
ersatz_eye,Ersatz Eye,common,"This magical eye replaces a real one that was lost or removed. While the Ersatz Eye is embedded in your eye socket, you can see through the tiny orb as though it were your natural eye. You can insert or remove the Ersatz Eye as a Magic action, and it can't be removed against your will while you are alive.",,wondrous_item,,,,,,,,,,
essence_of_ether,Essence of Ether,common,A creature subjected to Essence of Ether must succeed on a DC 15 Constitution saving throw or have the Poisoned condition for 8 hours. The creature also has the Unconscious condition while Poisoned in this way. The creature wakes up if it takes damage or if another creature takes an action to shake it awake.,300gp,adventuring_gear|poison_(inhaled),,,,,,,,,,
eversmoking_bottle,Eversmoking Bottle,uncommon,"As a Magic action, you can open or close this bottle. Opening the bottle causes thick smoke to billow out, forming a cloud that fills a 60-foot Emanation originating from the bottle. The area within the smoke is Heavily Obscured.",,wondrous_item,,,,,,,,,,
exotic_saddle,Exotic Saddle,common,"A saddle comes with a bit, a bridle, reins, and any other equipment needed to use the saddle. An Exotic Saddle is required for riding an aquatic or a flying mount.",60gp,tack_and_harness,,,,,40,,,,,
explorer_s_pack,Explorer's Pack,common,"An Explorer's Pack contains the following items: Backpack, Bedroll, 2 flasks of Oil, 10 days of Rations, Rope, Tinderbox, 10 Torches, and Waterskin.",10gp,adventuring_gear,,,,,55,,,,,
eye_and_hand_of_vecna,Eye and Hand of Vecna,artifact,"Vecna was a mighty wizard who, through magic and conquest, forged a terrible empire. For all his power, however, Vecna feared death and took steps to prevent his demise by becoming a lich. A treacherous lieutenant named Kas brought Vecna's rule to an end in a terrible battle.",,wondrous_item,,,true,,,,,,,
eye_of_vecna,Eye of Vecna,artifact,"Vecna was a mighty wizard who, through magic and conquest, forged a terrible empire. For all his power, however, Vecna feared death and took steps to prevent his demise by becoming a lich. A treacherous lieutenant named Kas brought Vecna's rule to an end in a terrible battle.",,wondrous_item,,,true,,,,,,,
eyes_of_charming,Eyes of Charming,uncommon,"These crystal lenses fit over the eyes. They have 3 charges. While wearing them, you can expend 1 or more charges to cast Charm Person (save DC 13).",,wondrous_item,,,true,,,,,,,
eyes_of_minute_seeing,Eyes of Minute Seeing,uncommon,"These crystal lenses fit over the eyes. While wearing them, your vision improves significantly out to a range of 1 foot, granting you Darkvision within that range and Advantage on Intelligence (Investigation) checks made to examine something within that range.",,wondrous_item,,,,,,,,,,
eyes_of_the_eagle,Eyes of the Eagle,uncommon,"These crystal lenses fit over the eyes. While wearing them, you have Advantage on Wisdom (Perception) checks that rely on sight. In conditions of clear visibility, you can make out details of even extremely distant creatures and objects as small as 2 feet across.",,wondrous_item,,,,,,,,,,
feed_per_day,Feed (per day),common,,5cp,tack_and_harness,,,,,10,,,,,
figurine_of_wondrous_power,Figurine of Wondrous Power,common,,,wondrous_item,,,,,,,,,,
figurine_of_wondrous_power_bronze_griffon,"Figurine of Wondrous Power, Bronze Griffon",rare,"A Figurine of Wondrous Power is a statuette small enough to fit in a pocket. If you take a Magic action to throw the figurine to a point on the ground within 60 feet of yourself, the figurine becomes a living creature specified in the figurine's description below. If the space where the creature would appear is occupied by other creatures or objects, or if there isn't enough space for the creature, the figurine doesn't become a creature.",,wondrous_item,,,,,,,,,,
figurine_of_wondrous_power_ebony_fly,"Figurine of Wondrous Power, Ebony Fly",rare,"A Figurine of Wondrous Power is a statuette small enough to fit in a pocket. If you take a Magic action to throw the figurine to a point on the ground within 60 feet of yourself, the figurine becomes a living creature specified in the figurine's description below. If the space where the creature would appear is occupied by other creatures or objects, or if there isn't enough space for the creature, the figurine doesn't become a creature.",,wondrous_item,,,,,,,,,,
figurine_of_wondrous_power_golden_lions,"Figurine of Wondrous Power, Golden Lions",rare,"A Figurine of Wondrous Power is a statuette small enough to fit in a pocket. If you take a Magic action to throw the figurine to a point on the ground within 60 feet of yourself, the figurine becomes a living creature specified in the figurine's description below. If the space where the creature would appear is occupied by other creatures or objects, or if there isn't enough space for the creature, the figurine doesn't become a creature.",,wondrous_item,,,,,,,,,,
figurine_of_wondrous_power_ivory_goats,"Figurine of Wondrous Power, Ivory Goats",rare,"A Figurine of Wondrous Power is a statuette small enough to fit in a pocket. If you take a Magic action to throw the figurine to a point on the ground within 60 feet of yourself, the figurine becomes a living creature specified in the figurine's description below. If the space where the creature would appear is occupied by other creatures or objects, or if there isn't enough space for the creature, the figurine doesn't become a creature.",,wondrous_item,,,,,,,,,,
figurine_of_wondrous_power_marble_elephant,"Figurine of Wondrous Power, Marble Elephant",rare,"A Figurine of Wondrous Power is a statuette small enough to fit in a pocket. If you take a Magic action to throw the figurine to a point on the ground within 60 feet of yourself, the figurine becomes a living creature specified in the figurine's description below. If the space where the creature would appear is occupied by other creatures or objects, or if there isn't enough space for the creature, the figurine doesn't become a creature.",,wondrous_item,,,,,,,,,,
figurine_of_wondrous_power_obsidian_steed,"Figurine of Wondrous Power, Obsidian Steed",very_rare,"A Figurine of Wondrous Power is a statuette small enough to fit in a pocket. If you take a Magic action to throw the figurine to a point on the ground within 60 feet of yourself, the figurine becomes a living creature specified in the figurine's description below. If the space where the creature would appear is occupied by other creatures or objects, or if there isn't enough space for the creature, the figurine doesn't become a creature.",,wondrous_item,,,,,,,,,,
figurine_of_wondrous_power_onyx_dog,"Figurine of Wondrous Power, Onyx Dog",rare,"A Figurine of Wondrous Power is a statuette small enough to fit in a pocket. If you take a Magic action to throw the figurine to a point on the ground within 60 feet of yourself, the figurine becomes a living creature specified in the figurine's description below. If the space where the creature would appear is occupied by other creatures or objects, or if there isn't enough space for the creature, the figurine doesn't become a creature.",,wondrous_item,,,,,,,,,,
figurine_of_wondrous_power_serpentine_owl,"Figurine of Wondrous Power, Serpentine Owl",rare,"A Figurine of Wondrous Power is a statuette small enough to fit in a pocket. If you take a Magic action to throw the figurine to a point on the ground within 60 feet of yourself, the figurine becomes a living creature specified in the figurine's description below. If the space where the creature would appear is occupied by other creatures or objects, or if there isn't enough space for the creature, the figurine doesn't become a creature.",,wondrous_item,,,,,,,,,,
figurine_of_wondrous_power_silver_raven,"Figurine of Wondrous Power, Silver Raven",uncommon,"A Figurine of Wondrous Power is a statuette small enough to fit in a pocket. If you take a Magic action to throw the figurine to a point on the ground within 60 feet of yourself, the figurine becomes a living creature specified in the figurine's description below. If the space where the creature would appear is occupied by other creatures or objects, or if there isn't enough space for the creature, the figurine doesn't become a creature.",,wondrous_item,,,,,,,,,,
fine_clothes,Fine Clothes,common,Fine Clothes are made of expensive fabrics and adorned with expertly crafted details. Some events and locations admit only people wearing these clothes.,15gp,adventuring_gear,,,,,6,,,,,
fine_wine_bottle,Fine Wine (bottle),common,,10gp,food_and_drink,,,,,,,,,,
firearm_bullet,Firearm Bullet,common,Firearm Bullets are destroyed upon use in a modern firearm.,3sp,ammunition,,,,,,,,,,
firearm_bullets_10,Firearm Bullets (10),common,Firearm Bullets are destroyed upon use in a modern firearm.,3gp,ammunition,,,,,2,,,,,
flail,Flail,common,,10gp,weapon|martial_weapon|melee_weapon,1d8,bludgeoning,,,2,,,,,
flask,Flask,common,A Flask holds up to 1 pint.,2cp,adventuring_gear,,,,,1,,,,,
flour,Flour,common,Merchants commonly exchange trade goods without using currency.,2cp,trade_good,,,,,2,,,,,
flute,Flute,common,"Ability: Charisma Utilize: Play a known tune (DC 10), or improvise a song (DC 15) If you have proficiency with a tool, add your Proficiency Bonus to any ability check you make that uses the tool. If you have proficiency in a skill that's used with that check, you have Advantage on the check too.",2gp,instrument,,,,,1,,,,,
folding_boat,Folding Boat,rare,"This object appears as a wooden box that measures 12 inches long, 6 inches wide, and 6 inches deep. It weighs 4 pounds and floats. It can be opened to store items inside.",,wondrous_item,,,,,4,,,,,
forgery_kit,Forgery Kit,common,"Ability: Dexterity Utilize: Mimic 10 or fewer words of someone else's handwriting (DC 15), or duplicate a wax seal (DC 20) If you have proficiency with a tool, add your Proficiency Bonus to any ability check you make that uses the tool. If you have proficiency in a skill that's used with that check, you have Advantage on the check too.",15gp,tool,,,,,5,,,,,
galley,Galley,common,,30000gp,vehicle_(water),"Speed: 4 mphCarrying Capacity: 150 tons cargoCrew 80, AC 15, HP 500, Damage Threshold 20",,,,,,,,,
gaming_set,Gaming Set,common,"If you have proficiency with a tool, add your Proficiency Bonus to any ability check you make that uses the tool. If you have proficiency in a skill that's used with that check, you have Advantage on the check too.",,gaming_set,,,,,,,,,,
gauntlets_of_ogre_power,Gauntlets of Ogre Power,uncommon,Your Strength score is 19 while you wear these gauntlets. They have no effect on you if your Strength is 19 or higher without them.,,wondrous_item,,,true,,,,,,,
gem_of_brightness,Gem of Brightness,uncommon,"This prism has 50 charges. While you are holding it, you can take a Magic action and use one of three command words to cause one of the following effects: First Command Word. The gem sheds Bright Light in a 30-foot radius and Dim Light for an additional 30 feet.",,wondrous_item,,,,,,,,,,
gem_of_seeing,Gem of Seeing,rare,"This gem has 3 charges. As a Magic action, you can expend 1 charge. For the next 10 minutes, you have Truesight out to 120 feet when you peer through the gem.",,wondrous_item,,,true,,,,,,,
ginger,Ginger,common,Merchants commonly exchange trade goods without using currency.,1gp,trade_good,,,,,1,,,,,
glaive,Glaive,common,,20gp,weapon|martial_weapon|melee_weapon,1d10,slashing,,,6,,,,,
glamoured_studded_leather,Glamoured Studded Leather,rare,"While wearing this armor, you gain a +1 bonus to Armor Class. You can also take a Bonus Action to cause the armor to assume the appearance of a normal set of clothing or some other kind of armor. You decide what it looks like—including color, style, and accessories—but the armor retains its normal bulk and weight.",,light_armor_(studded_leather_armor),AC 12 + Dex,,,,13,,,,,
glass_bottle,Glass Bottle,common,A Glass Bottle holds up to 1½ pints.,2gp,adventuring_gear,,,,,2,,,,,
glassblower_s_tools,Glassblower's Tools,common,"Ability: Intelligence Utilize: Discern what a glass object held in the past 24 hours (DC 15) Craft: Glass Bottle, Magnifying Glass, Spyglass, Vial Artisan's Tools are each focused on crafting items and pursuing a trade. Each type of Artisan's Tools tools requires a separate proficiency. If you have proficiency with a tool, add your Proficiency Bonus to any ability check you make that uses the tool.",30gp,artisan's_tools,,,,,5,,,,,
gloves_of_missile_snaring,Gloves of Missile Snaring,uncommon,"If you're hit by an attack roll made with a Ranged or Thrown weapon while wearing these gloves, you can take a Reaction to reduce the damage by 1d10 plus your Dexterity modifier if you have a free hand. If you reduce the damage to 0, you can catch the ammunition or weapon if it is small enough for you to hold in that hand.",,wondrous_item,,,true,,,,,,,
gloves_of_swimming_and_climbing,Gloves of Swimming and Climbing,uncommon,"While wearing these gloves, climbing and swimming don't cost you extra movement, and you gain a +5 bonus to Strength (Athletics) checks made to climb or swim.",,wondrous_item,,,true,,,,,,,
gloves_of_thievery,Gloves of Thievery,uncommon,"These gloves are imperceptible while worn. While wearing them, you gain a +5 bonus to Dexterity (Sleight of Hand) checks.",,wondrous_item,,,,,,,,,,
goat,Goat,common,Merchants commonly exchange trade goods without using currency.,1gp,trade_good,,,,,,,,,,
goggles_of_night,Goggles of Night,uncommon,"While wearing these dark lenses, you have Darkvision out to 60 feet. If you already have Darkvision, wearing the goggles increases its range by 60 feet.",,wondrous_item,,,,,,,,,,
gold,Gold,common,Merchants commonly exchange trade goods without using currency.,50gp,trade_good,,,,,1,,,,,
gold_dragon_scale_mail,Gold Dragon Scale Mail,very_rare,"Dragon Scale Mail is made of the scales of one kind of dragon. Sometimes dragons collect their cast-off scales and gift them. Other times, hunters carefully preserve the hide of a dead dragon.",,medium_armor_(scale_mail),AC 14 + Dex (max 2),,true,,45,,,,,
grappling_hook,Grappling Hook,common,"As a Utilize action, you can throw the Grappling Hook at a railing, a ledge, or another catch within 50 feet of yourself, and the hook catches on if you succeed on a DC 13 Dexterity (Acrobatics) check. If you tied a Rope to the hook, you can then climb it.",2gp,adventuring_gear,,,,,4,,,,,
greataxe,Greataxe,common,,30gp,weapon|martial_weapon|melee_weapon,1d12,slashing,,,7,,,,,
greatclub,Greatclub,common,,2sp,weapon|simple_weapon|melee_weapon,1d8,bludgeoning,,,10,,,,,
greatsword,Greatsword,common,,50gp,weapon|martial_weapon|melee_weapon,2d6,slashing,,,6,,,,,
green_dragon_scale_mail,Green Dragon Scale Mail,very_rare,"Dragon Scale Mail is made of the scales of one kind of dragon. Sometimes dragons collect their cast-off scales and gift them. Other times, hunters carefully preserve the hide of a dead dragon.",,medium_armor_(scale_mail),AC 14 + Dex (max 2),,true,,45,,,,,
gunpowder_keg,Gunpowder (keg),common,"Setting fire to a keg full of Gunpowder causes it to explode. When a keg explodes, each creature in a 10-foot-radius Sphere centered on the keg makes a DC 12 Dexterity saving throw, taking 24 (7d6) Fire damage on a failed save or half as much damage on a successful one.",250gp,explosive,,,,,20,,,,,
gunpowder_powder_horn,Gunpowder (powder horn),common,"Setting fire to a powder horn full of Gunpowder causes it to explode. When a powder horn explodes, each creature in a 10-foot-radius Sphere centered on the powder horn makes a DC 12 Dexterity saving throw, taking 10 (3d6) Fire damage on a failed save or half as much damage on a successful one.",35gp,explosive,,,,,2,,,,,
hag_eye,Hag Eye,uncommon,"A Hag Eye has 3 charges. While wearing or holding this item, you can expend 1 charge to cast Darkvision (targeting yourself only) or See Invisibility. The Hag Eye regains all expended charges daily at dawn.",,wondrous_item,,,,,,,,,,
halberd,Halberd,common,,20gp,weapon|martial_weapon|melee_weapon,1d10,slashing,,,6,,,,,
half_plate_armor,Half Plate Armor,common,The wearer has Disadvantage on Dexterity (Stealth) checks.,750gp,medium_armor,AC 15 + Dex (max 2),,,,40,,,,,
hand_crossbow,Hand Crossbow,common,,75gp,weapon|martial_weapon|ranged_weapon,1d6,piercing,,,3,,,,,
hand_of_vecna,Hand of Vecna,artifact,"Vecna was a mighty wizard who, through magic and conquest, forged a terrible empire. For all his power, however, Vecna feared death and took steps to prevent his demise by becoming a lich. A treacherous lieutenant named Kas brought Vecna's rule to an end in a terrible battle.",,wondrous_item,,,true,,,,,,,
handaxe,Handaxe,common,,5gp,weapon|simple_weapon|melee_weapon,1d6,slashing,,,2,,,,,
hat_of_disguise,Hat of Disguise,uncommon,"While wearing this hat, you can cast the Disguise Self spell. The spell ends if the hat is removed.",,wondrous_item,,,true,,,,,,,
hat_of_many_spells,Hat of Many Spells,very_rare,"This pointed hat has the following properties. Spellcasting Focus. While holding the hat, you can use it as a Spellcasting Focus for your Wizard spells.",,wondrous_item|spellcasting_focus,,,true,,,,,,,
hat_of_vermin,Hat of Vermin,common,"This hat has 3 charges. While holding the hat, you can take a Magic action to expend 1 charge and summon your choice of a Bat, a Frog, or a Rat. The summoned creature magically appears in the hat and tries to get away from you as quickly as possible.",,wondrous_item,,,,,,,,,,
hat_of_wizardry,Hat of Wizardry,common,"This cone-shaped hat is adorned with moons and stars. While you are wearing it, you gain the following benefits. Spellcasting Focus.",,wondrous_item|spellcasting_focus,,,true,,,,,,,
headband_of_intellect,Headband of Intellect,uncommon,Your Intelligence score is 19 while you wear this headband. It has no effect on you if your Intelligence is 19 or higher without it.,,wondrous_item,,,true,,,,,,,
healer_s_kit,Healer's Kit,common,"A Healer's Kit has ten uses. As a Utilize action, you can expend one of its uses to stabilize an Unconscious creature that has 0 Hit Points without needing to make a Wisdom (Medicine) check.",5gp,adventuring_gear,,,,,3,,,,,
heavy_crossbow,Heavy Crossbow,common,,50gp,weapon|martial_weapon|ranged_weapon,1d10,piercing,,,18,,,,,
helm_of_brilliance,Helm of Brilliance,very_rare,"This helm is set with 1d10 diamonds, 2d10 rubies, 3d10 fire opals, and 4d10 opals. Any gem pried from the helm crumbles to dust. When all the gems are removed or destroyed, the helm loses its magic.",,wondrous_item,,,true,,,,,,,
helm_of_comprehending_languages,Helm of Comprehending Languages,uncommon,"While wearing this helm, you can cast Comprehend Languages from it.",,wondrous_item,,,,,,,,,,
helm_of_telepathy,Helm of Telepathy,uncommon,"While wearing this helm, you have telepathy with a range of 30 feet, and you can cast Detect Thoughts or Suggestion (save DC 13) from the helm. Once either spell is cast from the helm, that spell can't be cast from it again until the next dawn.",,wondrous_item,,,true,,,,,,,
helm_of_teleportation,Helm of Teleportation,rare,"This helm has 3 charges. While wearing it, you can expend 1 charge to cast Teleport from it. The helm regains 1d3 expended charges daily at dawn.",,wondrous_item,,,true,,,,,,,
herbalism_kit,Herbalism Kit,common,"Ability: Intelligence Utilize: Identify a plant (DC 10) Craft: Antitoxin, Candle, Healer's Kit, Potion of Healing If you have proficiency with a tool, add your Proficiency Bonus to any ability check you make that uses the tool. If you have proficiency in a skill that's used with that check, you have Advantage on the check too.",5gp,tool,,,,,3,,,,,
heward_s_handy_haversack,Heward's Handy Haversack,rare,"This backpack has a central pouch and two side pouches, each of which is an extradimensional space. Each side pouch can hold up to 200 pounds of material, not exceeding a volume of 25 cubic feet. The central pouch can hold up to 500 pounds of material, not exceeding a volume of 64 cubic feet.",,wondrous_item,,,,,5,,,,,
heward_s_handy_spice_pouch,Heward's Handy Spice Pouch,common,"This belt pouch appears empty and has 10 charges. While holding the pouch, you can take a Magic action to expend 1 charge, name any nonmagical food seasoning (such as salt, pepper, saffron, or cilantro), and remove a pinch of the desired seasoning from the pouch. A pinch is enough to season a single meal.",,wondrous_item,,,,,,,,,,
hide_armor,Hide Armor,common,,10gp,medium_armor,AC 12 + Dex (max 2),,,,12,,,,,
holy_symbol,Holy Symbol,common,A Holy Symbol takes a specific form and is bejeweled or painted to channel divine magic. A Cleric or Paladin can use a Holy Symbol as a Spellcasting Focus.,,spellcasting_focus,,,,,,,,,,
holy_water,Holy Water,common,,25gp,adventuring_gear,,,,,1,,,,,
hooded_lantern,Hooded Lantern,common,"A Hooded Lantern burns Oil as fuel to cast Bright Light in a 30-foot radius and Dim Light for an additional 30 feet. As a Bonus Action, you can lower the hood, reducing the light to Dim Light in a 5-foot radius, or raise it again.",5gp,adventuring_gear,,,,,2,,,,,
horn,Horn,common,"Ability: Charisma Utilize: Play a known tune (DC 10), or improvise a song (DC 15) If you have proficiency with a tool, add your Proficiency Bonus to any ability check you make that uses the tool. If you have proficiency in a skill that's used with that check, you have Advantage on the check too.",3gp,instrument,,,,,2,,,,,
horn_of_blasting,Horn of Blasting,rare,"You can take a Magic action to blow the horn, which emits a thunderous blast in a 30-foot Cone that is audible out to 600 feet. Each creature in the Cone makes a DC 15 Constitution saving throw. On a failed save, a creature takes 5d8 Thunder damage and has the Deafened condition for 1 minute.",,wondrous_item|instrument_(horn),,,,,,,,,,
horn_of_silent_alarm,Horn of Silent Alarm,common,"This horn has 4 charges and regains 1d4 expended charges daily at dawn. As a Magic action, you can blow the horn while expending 1 charge. One creature of your choice hears the horn's blare, provided that creature is within 600 feet of the horn.",,wondrous_item|instrument_(horn),,,,,,,,,,
horn_of_valhalla,Horn of Valhalla,common,"You can take a Magic action to blow this horn. In response, warrior spirits from the plane of Ysgard appear in unoccupied spaces within 60 feet of you. Each spirit uses the Berserker stat block and returns to Ysgard after 1 hour or when it drops to 0 Hit Points.",,wondrous_item,,,,,,,,,,
horn_of_valhalla_brass,"Horn of Valhalla, Brass",rare,"You can take a Magic action to blow this horn. In response, warrior spirits from the plane of Ysgard appear in unoccupied spaces within 60 feet of you. Each spirit uses the Berserker stat block and returns to Ysgard after 1 hour or when it drops to 0 Hit Points.",,wondrous_item|instrument_(horn),,,,,,,,,,
horn_of_valhalla_bronze,"Horn of Valhalla, Bronze",very_rare,"You can take a Magic action to blow this horn. In response, warrior spirits from the plane of Ysgard appear in unoccupied spaces within 60 feet of you. Each spirit uses the Berserker stat block and returns to Ysgard after 1 hour or when it drops to 0 Hit Points.",,wondrous_item|instrument_(horn),,,,,,,,,,
horn_of_valhalla_iron,"Horn of Valhalla, Iron",legendary,"You can take a Magic action to blow this horn. In response, warrior spirits from the plane of Ysgard appear in unoccupied spaces within 60 feet of you. Each spirit uses the Berserker stat block and returns to Ysgard after 1 hour or when it drops to 0 Hit Points.",,wondrous_item|instrument_(horn),,,,,,,,,,
horn_of_valhalla_silver,"Horn of Valhalla, Silver",rare,"You can take a Magic action to blow this horn. In response, warrior spirits from the plane of Ysgard appear in unoccupied spaces within 60 feet of you. Each spirit uses the Berserker stat block and returns to Ysgard after 1 hour or when it drops to 0 Hit Points.",,wondrous_item|instrument_(horn),,,,,,,,,,
horseshoes_of_speed,Horseshoes of Speed,rare,"These horseshoes come in a set of four. As a Magic action, you can touch one of the horseshoes to the hoof of a horse or similar creature, whereupon the horseshoe affixes itself to the hoof. Removing a horseshoe also takes a Magic action.",,wondrous_item,,,,,,,,,,
horseshoes_of_a_zephyr,Horseshoes of a Zephyr,very_rare,"These horseshoes come in a set of four. As a Magic action, you can touch one of the horseshoes to the hoof of a horse or similar creature, whereupon the horseshoe affixes itself to the hoof. Removing a horseshoe also takes a Magic action.",,wondrous_item,,,,,,,,,,
hunting_trap,Hunting Trap,common,"As a Utilize action, you can set a Hunting Trap, which is a sawtooth steel ring that snaps shut when a creature steps on a pressure plate in the center. The trap is affixed by a heavy chain to an immobile object, such as a tree or a spike driven into the ground. A creature that steps on the plate must succeed on a DC 13 Dexterity saving throw or take 1d4 Piercing damage and have its Speed reduced to 0 until the start of its next turn.",5gp,adventuring_gear,,,,,25,,,,,
immovable_rod,Immovable Rod,uncommon,"This iron rod has a button on one end. You can take a Utilize action to press the button, which causes the rod to become magically fixed in place. Until you or another creature takes a Utilize action to push the button again, the rod doesn't move, even if it defies gravity.",,rod,,,,,2,,,,,
ink,Ink,common,"Ink comes in a 1-ounce bottle, which provides enough ink to write about 500 pages.",10gp,adventuring_gear,,,,,,,,,,
ink_pen,Ink Pen,common,"Using Ink, an Ink Pen is used to write or draw.",2cp,adventuring_gear,,,,,,,,,,
instrument_of_illusions,Instrument of Illusions,common,"While you are playing this musical instrument, you can take a Magic action to create harmless, illusory visual effects within a 5-foot Emanation originating from the instrument. If you are a Bard, the size of the Emanation increases to 15 feet. Sample visual effects include luminous musical notes, a spectral dancer, butterflies, and gently falling snow.",,wondrous_item,,,,,,,,,,
instrument_of_scribing,Instrument of Scribing,common,"This musical instrument has 3 charges and regains all expended charges daily at dawn. While you are playing it, you can take a Magic action to expend 1 charge and write a magical message on a nonmagical object or surface that you can see within 30 feet of yourself. The message can be up to six words long and is written in a language you know.",,wondrous_item,,,,,,,,,,
instrument_of_the_bards,Instrument of the Bards,common,"An Instrument of the Bards is superior to an ordinary instrument in every way. Seven types of these instruments exist, each named after a bard college. A creature that attempts to play the instrument without being attuned to it must succeed on a DC 15 Wisdom saving throw or take 2d4 Psychic damage.",,wondrous_item,,,true,,,,,,,
instrument_of_the_bards_anstruth_harp,"Instrument of the Bards, Anstruth Harp",very_rare,"An Instrument of the Bards is superior to an ordinary instrument in every way. Seven types of these instruments exist, each named after a bard college. A creature that attempts to play the instrument without being attuned to it must succeed on a DC 15 Wisdom saving throw or take 2d4 Psychic damage.",,wondrous_item,,,true,,,,,,,
instrument_of_the_bards_canaith_mandolin,"Instrument of the Bards, Canaith Mandolin",rare,"An Instrument of the Bards is superior to an ordinary instrument in every way. Seven types of these instruments exist, each named after a bard college. A creature that attempts to play the instrument without being attuned to it must succeed on a DC 15 Wisdom saving throw or take 2d4 Psychic damage.",,wondrous_item,,,true,,,,,,,
instrument_of_the_bards_cli_lyre,"Instrument of the Bards, Cli Lyre",rare,"An Instrument of the Bards is superior to an ordinary instrument in every way. Seven types of these instruments exist, each named after a bard college. A creature that attempts to play the instrument without being attuned to it must succeed on a DC 15 Wisdom saving throw or take 2d4 Psychic damage.",,wondrous_item|instrument_(lyre),,,true,,,,,,,
instrument_of_the_bards_doss_lute,"Instrument of the Bards, Doss Lute",uncommon,"An Instrument of the Bards is superior to an ordinary instrument in every way. Seven types of these instruments exist, each named after a bard college. A creature that attempts to play the instrument without being attuned to it must succeed on a DC 15 Wisdom saving throw or take 2d4 Psychic damage.",,wondrous_item|instrument_(lute),,,true,,,,,,,
instrument_of_the_bards_fochlucan_bandore,"Instrument of the Bards, Fochlucan Bandore",uncommon,"An Instrument of the Bards is superior to an ordinary instrument in every way. Seven types of these instruments exist, each named after a bard college. A creature that attempts to play the instrument without being attuned to it must succeed on a DC 15 Wisdom saving throw or take 2d4 Psychic damage.",,wondrous_item|instrument,,,true,,,,,,,
instrument_of_the_bards_mac_fuirmidh_cittern,"Instrument of the Bards, Mac-Fuirmidh Cittern",uncommon,"An Instrument of the Bards is superior to an ordinary instrument in every way. Seven types of these instruments exist, each named after a bard college. A creature that attempts to play the instrument without being attuned to it must succeed on a DC 15 Wisdom saving throw or take 2d4 Psychic damage.",,wondrous_item|instrument,,,true,,,,,,,
instrument_of_the_bards_ollamh_harp,"Instrument of the Bards, Ollamh Harp",legendary,"An Instrument of the Bards is superior to an ordinary instrument in every way. Seven types of these instruments exist, each named after a bard college. A creature that attempts to play the instrument without being attuned to it must succeed on a DC 15 Wisdom saving throw or take 2d4 Psychic damage.",,wondrous_item,,,true,,,,,,,
ioun_stone,Ioun Stone,common,"Roughly marble sized, Ioun Stones are named after Ioun, a god of knowledge and prophecy revered on some worlds. Many types of Ioun Stones exist, each type a distinct combination of shape and color. When you take a Magic action to toss an Ioun Stone into the air, the stone orbits your head at a distance of 1d3 feet, conferring its benefit to you while doing so.",,wondrous_item,,,true,,,,,,,
ioun_stone_absorption,"Ioun Stone, Absorption",very_rare,"Roughly marble sized, Ioun Stones are named after Ioun, a god of knowledge and prophecy revered on some worlds. Many types of Ioun Stones exist, each type a distinct combination of shape and color. When you take a Magic action to toss an Ioun Stone into the air, the stone orbits your head at a distance of 1d3 feet, conferring its benefit to you while doing so.",,wondrous_item,,,true,,,,,,,
ioun_stone_agility,"Ioun Stone, Agility",very_rare,"Roughly marble sized, Ioun Stones are named after Ioun, a god of knowledge and prophecy revered on some worlds. Many types of Ioun Stones exist, each type a distinct combination of shape and color. When you take a Magic action to toss an Ioun Stone into the air, the stone orbits your head at a distance of 1d3 feet, conferring its benefit to you while doing so.",,wondrous_item,,,true,,,,,,,
ioun_stone_awareness,"Ioun Stone, Awareness",rare,"Roughly marble sized, Ioun Stones are named after Ioun, a god of knowledge and prophecy revered on some worlds. Many types of Ioun Stones exist, each type a distinct combination of shape and color. When you take a Magic action to toss an Ioun Stone into the air, the stone orbits your head at a distance of 1d3 feet, conferring its benefit to you while doing so.",,wondrous_item,,,true,,,,,,,
ioun_stone_fortitude,"Ioun Stone, Fortitude",very_rare,"Roughly marble sized, Ioun Stones are named after Ioun, a god of knowledge and prophecy revered on some worlds. Many types of Ioun Stones exist, each type a distinct combination of shape and color. When you take a Magic action to toss an Ioun Stone into the air, the stone orbits your head at a distance of 1d3 feet, conferring its benefit to you while doing so.",,wondrous_item,,,true,,,,,,,
ioun_stone_greater_absorption,"Ioun Stone, Greater Absorption",legendary,"Roughly marble sized, Ioun Stones are named after Ioun, a god of knowledge and prophecy revered on some worlds. Many types of Ioun Stones exist, each type a distinct combination of shape and color. When you take a Magic action to toss an Ioun Stone into the air, the stone orbits your head at a distance of 1d3 feet, conferring its benefit to you while doing so.",,wondrous_item,,,true,,,,,,,
ioun_stone_insight,"Ioun Stone, Insight",very_rare,"Roughly marble sized, Ioun Stones are named after Ioun, a god of knowledge and prophecy revered on some worlds. Many types of Ioun Stones exist, each type a distinct combination of shape and color. When you take a Magic action to toss an Ioun Stone into the air, the stone orbits your head at a distance of 1d3 feet, conferring its benefit to you while doing so.",,wondrous_item,,,true,,,,,,,
ioun_stone_intellect,"Ioun Stone, Intellect",very_rare,"Roughly marble sized, Ioun Stones are named after Ioun, a god of knowledge and prophecy revered on some worlds. Many types of Ioun Stones exist, each type a distinct combination of shape and color. When you take a Magic action to toss an Ioun Stone into the air, the stone orbits your head at a distance of 1d3 feet, conferring its benefit to you while doing so.",,wondrous_item,,,true,,,,,,,
ioun_stone_leadership,"Ioun Stone, Leadership",very_rare,"Roughly marble sized, Ioun Stones are named after Ioun, a god of knowledge and prophecy revered on some worlds. Many types of Ioun Stones exist, each type a distinct combination of shape and color. When you take a Magic action to toss an Ioun Stone into the air, the stone orbits your head at a distance of 1d3 feet, conferring its benefit to you while doing so.",,wondrous_item,,,true,,,,,,,
ioun_stone_mastery,"Ioun Stone, Mastery",legendary,"Roughly marble sized, Ioun Stones are named after Ioun, a god of knowledge and prophecy revered on some worlds. Many types of Ioun Stones exist, each type a distinct combination of shape and color. When you take a Magic action to toss an Ioun Stone into the air, the stone orbits your head at a distance of 1d3 feet, conferring its benefit to you while doing so.",,wondrous_item,,,true,,,,,,,
ioun_stone_protection,"Ioun Stone, Protection",rare,"Roughly marble sized, Ioun Stones are named after Ioun, a god of knowledge and prophecy revered on some worlds. Many types of Ioun Stones exist, each type a distinct combination of shape and color. When you take a Magic action to toss an Ioun Stone into the air, the stone orbits your head at a distance of 1d3 feet, conferring its benefit to you while doing so.",,wondrous_item,,,true,,,,,,,
ioun_stone_regeneration,"Ioun Stone, Regeneration",legendary,"Roughly marble sized, Ioun Stones are named after Ioun, a god of knowledge and prophecy revered on some worlds. Many types of Ioun Stones exist, each type a distinct combination of shape and color. When you take a Magic action to toss an Ioun Stone into the air, the stone orbits your head at a distance of 1d3 feet, conferring its benefit to you while doing so.",,wondrous_item,,,true,,,,,,,
ioun_stone_reserve,"Ioun Stone, Reserve",rare,"Roughly marble sized, Ioun Stones are named after Ioun, a god of knowledge and prophecy revered on some worlds. Many types of Ioun Stones exist, each type a distinct combination of shape and color. When you take a Magic action to toss an Ioun Stone into the air, the stone orbits your head at a distance of 1d3 feet, conferring its benefit to you while doing so.",,wondrous_item,,,true,,,,,,,
ioun_stone_strength,"Ioun Stone, Strength",very_rare,"Roughly marble sized, Ioun Stones are named after Ioun, a god of knowledge and prophecy revered on some worlds. Many types of Ioun Stones exist, each type a distinct combination of shape and color. When you take a Magic action to toss an Ioun Stone into the air, the stone orbits your head at a distance of 1d3 feet, conferring its benefit to you while doing so.",,wondrous_item,,,true,,,,,,,
ioun_stone_sustenance,"Ioun Stone, Sustenance",rare,"Roughly marble sized, Ioun Stones are named after Ioun, a god of knowledge and prophecy revered on some worlds. Many types of Ioun Stones exist, each type a distinct combination of shape and color. When you take a Magic action to toss an Ioun Stone into the air, the stone orbits your head at a distance of 1d3 feet, conferring its benefit to you while doing so.",,wondrous_item,,,true,,,,,,,
iron,Iron,common,Merchants commonly exchange trade goods without using currency.,1sp,trade_good,,,,,1,,,,,
iron_bands_of_bilarro,Iron Bands of Bilarro,rare,"This rusty iron sphere measures 3 inches in diameter and weighs 1 pound. You can take a Magic action to throw the sphere at a Huge or smaller creature you can see within 60 feet of yourself. As the sphere moves through the air, it opens into a tangle of metal bands.",,wondrous_item,,,,,1,,,,,
iron_flask,Iron Flask,legendary,"While holding this brass-stoppered iron flask, you can take a Magic action to target a creature that you can see within 60 feet of yourself. If the flask is empty and the target is native to a plane of existence other than the one you're on, the target must succeed on a DC 17 Wisdom saving throw or be trapped in the flask. If the target has been trapped by the flask before, it has Advantage on the save.",,wondrous_item,,,,,,,,,,
iron_pot,Iron Pot,common,An Iron Pot holds up to 1 gallon.,2gp,adventuring_gear,,,,,10,,,,,
iron_spike,Iron Spike,common,"Iron Spikes come in bundles of ten. As a Utilize action, you can use a blunt object, such as a Light Hammer, to hammer a spike into wood, earth, or a similar material. You can do so to jam a door shut or to then tie a Rope or Chain to the Spike.",1sp,adventuring_gear,,,,,,,,,,
iron_spikes,Iron Spikes,common,"Iron Spikes come in bundles of ten. As a Utilize action, you can use a blunt object, such as a Light Hammer, to hammer a spike into wood, earth, or a similar material. You can do so to jam a door shut or to then tie a Rope or Chain to the Spike.",1gp,adventuring_gear,,,,,5,,,,,
javelin,Javelin,common,,5sp,weapon|simple_weapon|melee_weapon,1d6,piercing,,,2,,,,,
javelin_of_lightning,Javelin of Lightning,uncommon,"Each time you make an attack roll with this magic weapon and hit, you can have it deal Lightning damage instead of Piercing damage. Lightning Bolt. When you throw this weapon at a target no farther than 120 feet from you, you can forgo making a ranged attack roll and instead turn the weapon into a bolt of lightning.",,weapon_(javelin)|simple_weapon|melee_weapon,1d6,piercing,,,2,,,,,
jeweler_s_tools,Jeweler's Tools,common,"Ability: Intelligence Utilize: Discern a gem's value (DC 15) Craft: Arcane Focus, Holy Symbol Artisan's Tools are each focused on crafting items and pursuing a trade. Each type of Artisan's Tools tools requires a separate proficiency. If you have proficiency with a tool, add your Proficiency Bonus to any ability check you make that uses the tool.",25gp,artisan's_tools,,,,,2,,,,,
jug,Jug,common,A Jug holds up to 1 gallon.,2cp,adventuring_gear,,,,,4,,,,,
keelboat,Keelboat,common,,3000gp,vehicle_(water),"Speed: 1 mphCarrying Capacity: 1/2 ton cargo, 6 passengersCrew 1, AC 15, HP 100, Damage Threshold 10",,,,,,,,,
keoghtom_s_ointment,Keoghtom's Ointment,uncommon,"This glass jar, 3 inches in diameter, contains 1d4 + 1 doses of a thick mixture that smells faintly of aloe. The jar and its contents weigh 1/2 pound. As a Utilize action, you can swallow one dose of the ointment or apply it to a creature within 5 feet of yourself.",,wondrous_item,,,,,,,,,,
ladder,Ladder,common,A Ladder is 10 feet tall. You must climb to move up or down it.,1sp,adventuring_gear,,,,,25,,,,,
lamp,Lamp,common,A Lamp burns Oil as fuel to cast Bright Light in a 15-foot radius and Dim Light for an additional 30 feet.,5sp,adventuring_gear,,,,,1,,,,,
lance,Lance,common,A Lance requires two hands to wield when you aren't mounted.,10gp,weapon|martial_weapon|melee_weapon,1d10,piercing,,,6,,,,,
lantern_of_revealing,Lantern of Revealing,uncommon,"While lit, this hooded lantern burns for 6 hours on 1 pint of oil, shedding Bright Light in a 30-foot radius and Dim Light for an additional 30 feet. Invisible creatures and objects are visible as long as they are in the lantern's Bright Light. You can take a Utilize action to lower the hood, reducing the lantern's light to Dim Light in a 5-foot radius.",,wondrous_item,,,,,,,,,,
leather_armor,Leather Armor,common,,10gp,light_armor,AC 11 + Dex,,,,10,,,,,
leatherworker_s_tools,Leatherworker's Tools,common,"Ability: Dexterity Utilize: Add a design to a leather item (DC 10) Craft: Sling, Whip, Hide Armor, Leather Armor, Studded Leather Armor, Backpack, Crossbow Bolt Case, Map or Scroll Case, Parchment, Pouch, Quiver, Waterskin Artisan's Tools are each focused on crafting items and pursuing a trade. Each type of Artisan's Tools tools requires a separate proficiency. If you have proficiency with a tool, add your Proficiency Bonus to any ability check you make that uses the tool.",5gp,artisan's_tools,,,,,5,,,,,
light_crossbow,Light Crossbow,common,,25gp,weapon|simple_weapon|ranged_weapon,1d8,piercing,,,5,,,,,
light_hammer,Light Hammer,common,,2gp,weapon|simple_weapon|melee_weapon,1d4,bludgeoning,,,2,,,,,
linen_1_sq_yd,Linen (1 sq. yd.),common,Merchants commonly exchange trade goods without using currency.,5gp,trade_good,,,,,,,,,,
lock,Lock,common,"A Lock comes with a key. Without the key, a creature can use Thieves' Tools to pick this Lock with a successful DC 15 Dexterity (Sleight of Hand) check.",10gp,adventuring_gear,,,,,1,,,,,
lock_of_trickery,Lock of Trickery,common,This lock appears to be an ordinary Lock (of the type described in chapter 6 of the Player's Handbook) and comes with a single key. The tumblers in this lock magically adjust to thwart burglars. Dexterity checks made to pick the lock have Disadvantage.,,wondrous_item,,,,,,,,,,
lolth_s_sting,Lolth's Sting,common,"A creature subjected to Lolth's Sting must succeed on a DC 13 Constitution saving throw or have the Poisoned condition for 1 hour. If the creature fails the save by 5 or more, the creature also has the Unconscious condition while Poisoned in this way. The creature wakes up if it takes damage or if another creature takes an action to shake it awake.",200gp,adventuring_gear|poison_(injury),,,,,,,,,,
longbow,Longbow,common,,50gp,weapon|martial_weapon|ranged_weapon,1d8,piercing,,,2,,,,,
longship,Longship,common,,10000gp,vehicle_(water),"Speed: 3 mphCarrying Capacity: 10 tons cargo, 150 passengersCrew 40, AC 15, HP 300, Damage Threshold 15",,,,,,,,,
longsword,Longsword,common,,15gp,weapon|martial_weapon|melee_weapon,1d8,slashing,,,3,,,,,
lute,Lute,common,"Ability: Charisma Utilize: Play a known tune (DC 10), or improvise a song (DC 15) If you have proficiency with a tool, add your Proficiency Bonus to any ability check you make that uses the tool. If you have proficiency in a skill that's used with that check, you have Advantage on the check too.",35gp,instrument,,,,,2,,,,,
lute_of_thunderous_thumping,Lute of Thunderous Thumping,very_rare,"This reinforced lute can be wielded as a magic Club that deals an extra 2d8 Thunder damage on a hit. Sing and Swing. If you're a Bard, you can use your Charisma modifier instead of your Strength modifier when making a melee attack roll with the lute, provided you sing or hum while making the attack.",,weapon_(club)|simple_weapon|melee_weapon,1d4,bludgeoning,,,2,,,,,
lyre,Lyre,common,"Ability: Charisma Utilize: Play a known tune (DC 10), or improvise a song (DC 15) If you have proficiency with a tool, add your Proficiency Bonus to any ability check you make that uses the tool. If you have proficiency in a skill that's used with that check, you have Advantage on the check too.",30gp,instrument,,,,,2,,,,,
mace,Mace,common,,5gp,weapon|simple_weapon|melee_weapon,1d6,bludgeoning,,,4,,,,,
mace_of_disruption,Mace of Disruption,rare,"When you hit a Fiend or an Undead with this magic weapon, that creature takes an extra 2d6 Radiant damage. If the target has 25 Hit Points or fewer after taking this damage, it must succeed on a DC 15 Wisdom saving throw or be destroyed. On a successful save, the creature has the Frightened condition until the end of your next turn.",,weapon_(mace)|simple_weapon|melee_weapon,1d6,bludgeoning,true,,4,,,,,
mace_of_smiting,Mace of Smiting,rare,"You gain a +1 bonus to attack rolls and damage rolls made with this magic weapon. The bonus increases to +3 when you use the weapon to attack a Construct. When you roll a 20 on an attack roll made with this weapon, the target takes an extra 7 Bludgeoning damage, or 14 Bludgeoning damage if it's a Construct.",,weapon_(mace)|simple_weapon|melee_weapon,1d6,bludgeoning,,,4,,,,,
mace_of_terror,Mace of Terror,rare,"This magic weapon has 3 charges and regains 1d3 expended charges daily at dawn. While holding the weapon, you can take a Magic action and expend 1 charge to release a wave of terror from it. Each creature of your choice within 30 feet of you must succeed on a DC 15 Wisdom saving throw or have the Frightened condition for 1 minute.",,weapon_(mace)|simple_weapon|melee_weapon,1d6,bludgeoning,true,,4,,,,,
magnifying_glass,Magnifying Glass,common,"A Magnifying Glass grants Advantage on any ability check made to appraise or inspect a highly detailed item. Lighting a fire with a Magnifying Glass requires light as bright as sunlight to focus, tinder to ignite, and about 5 minutes for the fire to ignite.",100gp,adventuring_gear,,,,,,,,,,
malice,Malice,common,A creature subjected to Malice must succeed on a DC 15 Constitution saving throw or have the Poisoned condition for 1 hour. The creature also has the Blinded condition while Poisoned in this way.,250gp,adventuring_gear|poison_(inhaled),,,,,,,,,,
manacles,Manacles,common,"As a Utilize action, you can use Manacles to bind an unwilling Small or Medium creature within 5 feet of yourself that has the Grappled, Incapacitated, or Restrained condition if you succeed on a DC 13 Dexterity (Sleight of Hand) check. While bound, a creature has Disadvantage on attack rolls, and the creature is Restrained if the Manacles are attached to a chain or hook that is fixed in place. Escaping the Manacles requires a successful DC 20 Dexterity (Sleight of Hand) check as an action.",2gp,adventuring_gear,,,,,6,,,,,
mantle_of_spell_resistance,Mantle of Spell Resistance,rare,You have Advantage on saving throws against spells while you wear this cloak.,,wondrous_item,,,true,,,,,,,
manual_of_bodily_health,Manual of Bodily Health,very_rare,"This book contains health and diet tips, and its words are charged with magic. If you spend 48 hours over a period of 6 days or fewer studying the book's contents and practicing its guidelines, your Constitution increases by 2, to a maximum of 30. The manual then loses its magic, but regains it in a century.",,wondrous_item,,,,,5,,,,,
manual_of_clay_golems,Manual of Clay Golems,very_rare,"This tome contains information and incantations necessary to make a clay golem. To decipher and use the manual, you must be a spellcaster with at least two 5th-level spell slots. A creature that can't use a manual of golems and attempts to read it takes 6d6 psychic damage.",,wondrous_item,,,,,5,,,,,
manual_of_flesh_golems,Manual of Flesh Golems,very_rare,"This tome contains information and incantations necessary to make a flesh golem. To decipher and use the manual, you must be a spellcaster with at least two 5th-level spell slots. A creature that can't use a manual of golems and attempts to read it takes 6d6 psychic damage.",,wondrous_item,,,,,5,,,,,
manual_of_gainful_exercise,Manual of Gainful Exercise,very_rare,"This book describes fitness exercises, and its words are charged with magic. If you spend 48 hours over a period of 6 days or fewer studying the book's contents and practicing its guidelines, your Strength increases by 2, to a maximum of 30. The manual then loses its magic, but regains it in a century.",,wondrous_item,,,,,5,,,,,
manual_of_golems,Manual of Golems,very_rare,"This tome contains information and incantations necessary to make a particular type of golem. To decipher and use the manual, you must be a spellcaster with at least two 5th-level spell slots. A creature that can't use a manual of golems and attempts to read it takes 6d6 psychic damage. d20GolemTimeCost1-5Manual of Clay Golems30 days65,000 GP6-17Manual of Flesh Golems60 days50,000 GP18Manual of Iron Golems120 days100,000 GP19-20Manual of Stone Golems90 days80,000 GPTo create a golem, you must spend the time shown on the table, working without interruption with the manual at hand and resting no more than 8 hours per day.",,wondrous_item,,,,,5,,,,,
manual_of_iron_golems,Manual of Iron Golems,very_rare,"This tome contains information and incantations necessary to make a iron golem. To decipher and use the manual, you must be a spellcaster with at least two 5th-level spell slots. A creature that can't use a manual of golems and attempts to read it takes 6d6 psychic damage.",,wondrous_item,,,,,5,,,,,
manual_of_quickness_of_action,Manual of Quickness of Action,very_rare,"This book contains coordination and balance exercises, and its words are charged with magic. If you spend 48 hours over a period of 6 days or fewer studying the book's contents and practicing its guidelines, your Dexterity increases by 2, to a maximum of 30. The manual then loses its magic, but regains it in a century.",,wondrous_item,,,,,5,,,,,
manual_of_stone_golems,Manual of Stone Golems,very_rare,"This tome contains information and incantations necessary to make a stone golem. To decipher and use the manual, you must be a spellcaster with at least two 5th-level spell slots. A creature that can't use a manual of golems and attempts to read it takes 6d6 psychic damage.",,wondrous_item,,,,,5,,,,,
map,Map,common,"If you consult an accurate Map, you gain a +5 bonus to Wisdom (Survival) checks you make to find your way in the place represented on it.",1gp,adventuring_gear,,,,,,,,,,
map_or_scroll_case,Map or Scroll Case,common,A Map or Scroll Case holds up to 10 sheets of paper or 5 sheets of parchment.,1gp,adventuring_gear,,,,,1,,,,,
mason_s_tools,Mason's Tools,common,"Ability: Strength Utilize: Chisel a symbol or hole in stone (DC 10) Craft: Block and Tackle Artisan's Tools are each focused on crafting items and pursuing a trade. Each type of Artisan's Tools tools requires a separate proficiency. If you have proficiency with a tool, add your Proficiency Bonus to any ability check you make that uses the tool.",10gp,artisan's_tools,,,,,8,,,,,
mastiff,Mastiff,common,,25gp,mount,"Speed: 40, Carrying Capacity: 195 lb.",,,,,,,,,
maul,Maul,common,,10gp,weapon|martial_weapon|melee_weapon,2d6,bludgeoning,,,10,,,,,
medallion_of_thoughts,Medallion of Thoughts,uncommon,"The medallion has 5 charges. While wearing it, you can expend 1 charge to cast Detect Thoughts (save DC 13) from it. The medallion regains 1d4 expended charges daily at dawn.",,wondrous_item,,,true,,1,,,,,
midnight_tears,Midnight Tears,common,"A creature that ingests Midnight Tears suffers no effect until the stroke of midnight. Any effect that ends the Poisoned condition neutralizes this poison. If the poison hasn't been neutralized before midnight, the creature makes a DC 17 Constitution saving throw, taking 31 (9d6) Poison damage on a failed save or half as much damage on a successful one.",1500gp,adventuring_gear|poison_(ingested),,,,,,,,,,
military_saddle,Military Saddle,common,"A saddle comes with a bit, a bridle, reins, and any other equipment needed to use the saddle. A Military Saddle gives Advantage on any ability check you make to remain mounted.",20gp,tack_and_harness,,,,,30,,,,,
mirror,Mirror,common,A handheld steel Mirror is useful for personal cosmetics but also for peeking around corners and reflecting light as a signal.,5gp,adventuring_gear,,,,,,,,,,
mirror_of_life_trapping,Mirror of Life Trapping,very_rare,"When this 4-foot-tall, 2-foot-wide mirror is viewed indirectly, its surface shows faint images of creatures. The mirror weighs 50 pounds, and it has AC 11, HP 10, Immunity to Poison and Psychic damage, and Vulnerability to Bludgeoning damage. It shatters and is destroyed when reduced to 0 Hit Points.",,wondrous_item,,,,,50,,,,,
morningstar,Morningstar,common,,15gp,weapon|martial_weapon|melee_weapon,1d8,piercing,,,4,,,,,
mule,Mule,common,,8gp,mount,"Speed: 40, Carrying Capacity: 420 lb.",,,,,,,,,
musical_instrument,Musical Instrument,common,"If you have proficiency with a tool, add your Proficiency Bonus to any ability check you make that uses the tool. If you have proficiency in a skill that's used with that check, you have Advantage on the check too.",,instrument,,,,,,,,,,
musket,Musket,common,,500gp,weapon|martial_weapon|ranged_weapon|firearm,1d12,piercing,,,10,,,,,
mystery_key,Mystery Key,common,"A question mark is worked into the head of this key. The key has a 5 percent chance of unlocking any lock into which it's inserted. Once it unlocks something, the key disappears.",,wondrous_item,,,,,,,,,,
nature_s_mantle,Nature's Mantle,uncommon,"This cloak shifts color and texture to blend with the terrain surrounding you. While wearing the cloak, you can use it as a Spellcasting Focus for your Druid and Ranger spells. While you are in an area that is Lightly Obscured, you can Hide as a Bonus Action even if you are being directly observed.",,wondrous_item|spellcasting_focus,,,true,,,,,,,
navigator_s_tools,Navigator's Tools,common,"Ability: Wisdom Utilize: Plot a course (DC 10), or determine position by stargazing (DC 15) If you have proficiency with a tool, add your Proficiency Bonus to any ability check you make that uses the tool. If you have proficiency in a skill that's used with that check, you have Advantage on the check too.",25gp,tool,,,,,2,,,,,
necklace_of_adaptation,Necklace of Adaptation,uncommon,"While wearing this necklace, you can breathe normally in any environment, and you have Advantage on saving throws made to avoid or end the Poisoned condition.",,wondrous_item,,,true,,1,,,,,
necklace_of_fireballs,Necklace of Fireballs,rare,"This necklace has 1d6 + 3 beads hanging from it. You can take a Magic action to detach a bead and throw it up to 60 feet away. When it reaches the end of its trajectory, the bead detonates as a level 3 Fireball (save DC 15).",,wondrous_item,,,,,1,,,,,
necklace_of_prayer_beads,Necklace of Prayer Beads,rare,"This necklace has 1d4 + 2 magic beads made from aquamarine, black pearl, or topaz. It also has many nonmagical beads made from stones such as amber, bloodstone, citrine, coral, jade, pearl, or quartz. If a magic bead is removed from the necklace, that bead loses its magic.",,wondrous_item,,,true,,1,,,,,
needle,Needle,common,"Blowgun needles are used with a weapon that has the ammunition property to make a ranged attack. Each time you attack with the weapon, you expend one piece of ammunition. Drawing the ammunition from a quiver, case, or other container is part of the attack (you need a free hand to load a one-handed weapon).",2cp,ammunition,,,,,,,,,,
needles_50,Needles (50),common,"Blowgun needles are used with a weapon that has the ammunition property to make a ranged attack. Each time you attack with the weapon, you expend one piece of ammunition. Drawing the ammunition from a quiver, case, or other container is part of the attack (you need a free hand to load a one-handed weapon).",1gp,ammunition,,,,,1,,,,,
net,Net,common,,1gp,adventuring_gear,,,,,3,,,,,
nolzur_s_marvelous_pigments,Nolzur's Marvelous Pigments,very_rare,"This fine wooden box contains 1d4 pots of pigment and a brush (weighing 1 pound in total). Using the brush and expending 1 pot of pigment, you can paint any number of three-dimensional objects and terrain features (such as walls, doors, trees, flowers, weapons, webs, and pits), provided these elements are all confined to a 20-foot Cube. The effort takes 10 minutes (regardless of the number of elements you create), during which time you must remain in the Cube, and requires Concentration.",,wondrous_item,,,,,,,,,,
oil,Oil,common,"You can douse a creature, object, or space with Oil or use it as fuel, as detailed below. Dousing a Creature or an Object. When you take the Attack action, you can replace one of your attacks with throwing an Oil flask.",1sp,adventuring_gear,,,,,1,,,,,
oil_of_etherealness,Oil of Etherealness,rare,"One vial of this oil can cover one Medium or smaller creature, along with the equipment it's wearing and carrying (one additional vial is required for each size category above Medium). Applying the oil takes 10 minutes. The affected creature then gains the effect of the Etherealness spell for 1 hour.",,potion,,,,,,,,,,
oil_of_sharpness,Oil of Sharpness,very_rare,"One vial of this oil can coat one Melee weapon or twenty pieces of ammunition, but only ammunition and Melee weapons that are nonmagical and deal Slashing or Piercing damage are affected. Applying the oil takes 1 minute, after which the oil magically seeps into whatever it coats, turning the coated weapon into a +3 Weapon or the coated ammunition into +3 Ammunition. This clear, gelatinous oil sparkles with tiny, ultrathin silver shards.",,potion,,,,,,,,,,
oil_of_slipperiness,Oil of Slipperiness,uncommon,"One vial of this oil can cover one Medium or smaller creature, along with the equipment it's wearing and carrying (one additional vial is required for each size category above Medium). Applying the oil takes 10 minutes. The affected creature then gains the effect of the Freedom of Movement spell for 8 hours.",,potion,,,,,,,,,,
oil_of_taggit,Oil of Taggit,common,A creature subjected to Oil of Taggit must succeed on a DC 13 Constitution saving throw or have the Poisoned condition for 24 hours. The creature also has the Unconscious condition while Poisoned in this way. It wakes up if it takes damage.,400gp,adventuring_gear|poison_(contact),,,,,,,,,,
orb,Orb,common,"An Arcane Focus takes a specific form and is bejeweled or carved to channel arcane magic. A Sorcerer, Warlock, or Wizard can use such an item as a Spellcasting Focus.",20gp,spellcasting_focus,,,,,3,,,,,
orb_of_direction,Orb of Direction,common,"This orb can be used as an Arcane Focus. While holding this orb, you can take a Magic action to determine which way is magnetic north. Nothing happens if the orb is used in a location that has no magnetic north.",,wondrous_item,,,,,3,,,,,
orb_of_dragonkind,Orb of Dragonkind,artifact,"Long ago, in the Dragonlance setting, elves and humans waged a terrible war against chromatic dragons. When the world seemed doomed, the wizards of the Towers of High Sorcery came together and forged five Orbs of Dragonkind to help defeat the dragons. One orb was taken to each of the five towers, and there they were used to speed the war toward a victorious end.",,wondrous_item,,,true,,3,,,,,
orb_of_time,Orb of Time,common,"This orb can be used as an Arcane Focus. While holding the orb, you can take a Magic action to determine whether it is morning, afternoon, evening, or nighttime. This property functions only on the Material Plane.",,wondrous_item,,,,,3,,,,,
ox,Ox,common,Merchants commonly exchange trade goods without using currency.,15gp,trade_good,,,,,,,,,,
padded_armor,Padded Armor,common,The wearer has Disadvantage on Dexterity (Stealth) checks.,5gp,light_armor,AC 11 + Dex,,,,8,,,,,
painter_s_supplies,Painter's Supplies,common,"Ability: Wisdom Utilize: Paint a recognizable image of something you've seen (DC 10) Craft: Druidic Focus, Holy Symbol Artisan's Tools are each focused on crafting items and pursuing a trade. Each type of Artisan's Tools tools requires a separate proficiency. If you have proficiency with a tool, add your Proficiency Bonus to any ability check you make that uses the tool.",10gp,artisan's_tools,,,,,5,,,,,
pale_tincture,Pale Tincture,common,"A creature subjected to Pale Tincture must succeed on a DC 16 Constitution saving throw or take 3 (1d6) Poison damage and have the Poisoned condition. The Poisoned creature repeats the save every 24 hours, taking 3 (1d6) Poison damage on a failed save. The damage the poison deals can't be healed by any means while the creature remains Poisoned.",250gp,adventuring_gear|poison_(ingested),,,,,,,,,,
pan_flute,Pan Flute,common,"Ability: Charisma Utilize: Play a known tune (DC 10), or improvise a song (DC 15) If you have proficiency with a tool, add your Proficiency Bonus to any ability check you make that uses the tool. If you have proficiency in a skill that's used with that check, you have Advantage on the check too.",12gp,instrument,,,,,2,,,,,
paper,Paper,common,One sheet of Paper can hold about 250 handwritten words.,2sp,adventuring_gear,,,,,,,,,,
parchment,Parchment,common,One sheet of Parchment can hold about 250 handwritten words.,1sp,adventuring_gear,,,,,,,,,,
pearl_of_power,Pearl of Power,uncommon,"While this pearl is on your person, you can take a Magic action to regain one expended spell slot of level 3 or lower. Once you use the pearl, it can't be used again until the next dawn.",,wondrous_item,,,true,,,,,,,
pepper,Pepper,common,Merchants commonly exchange trade goods without using currency.,2gp,trade_good,,,,,1,,,,,
perfume,Perfume,common,"Perfume comes in a 4-ounce vial. For 1 hour after applying Perfume to yourself, you have Advantage on Charisma (Persuasion) checks made to influence an Indifferent Humanoid within 5 feet of yourself.",5gp,adventuring_gear,,,,,,,,,,
perfume_of_bewitching,Perfume of Bewitching,common,"This tiny vial contains magic perfume, enough for one use. You can take a Magic action to apply the perfume to yourself, and its effect lasts 1 hour. For the duration, you have Advantage on all Charisma (Deception and Persuasion) checks made to influence a creature within 5 feet of yourself.",,wondrous_item,,,,,,,,,,
periapt_of_health,Periapt of Health,uncommon,"While wearing this pendant, you can take a Magic action to regain 2d4 + 2 Hit Points. Once used, this property can't be used again until the next dawn. In addition, you have Advantage on saving throws to avoid or end the Poisoned condition while you wear this pendant.",,wondrous_item,,,true,,1,,,,,
periapt_of_proof_against_poison,Periapt of Proof against Poison,rare,"This delicate silver chain has a brilliant-cut black gem pendant. While you wear it, you have Immunity to the Poisoned condition and Poison damage.",,wondrous_item,,,true,,1,,,,,
periapt_of_wound_closure,Periapt of Wound Closure,uncommon,"While wearing this pendant, you gain the following benefits. Life Preservation. Whenever you make a Death Saving Throw, you can change a roll of 9 or lower to a 10, turning a failed save into a successful one.",,wondrous_item,,,true,,1,,,,,
philter_of_love,Philter of Love,uncommon,"The next time you see a creature within 10 minutes after drinking this philter, you are charmed by that creature and have the Charmed condition for 1 hour. This rose-hued, effervescent liquid contains one easy-to-miss bubble shaped like a heart.",,potion,,,,,,,,,,
pig,Pig,common,Merchants commonly exchange trade goods without using currency.,3gp,trade_good,,,,,,,,,,
pike,Pike,common,,5gp,weapon|martial_weapon|melee_weapon,1d10,piercing,,,18,,,,,
pipe_of_smoke_monsters,Pipe of Smoke Monsters,common,"While smoking this pipe, you can take a Magic action to exhale a puff of smoke that takes the form of a creature, such as a dragon, a flumph, or a slaad. The form must be small enough to fit in a 1-foot cube and loses its shape after a few seconds, becoming an ordinary puff of smoke.",,wondrous_item,,,,,,,,,,
pipes_of_haunting,Pipes of Haunting,uncommon,"These pipes have 3 charges and regain 1d3 expended charges daily at dawn. You can take a Magic action to play them and expend 1 charge to create an eerie, spellbinding tune. Each creature of your choice within 30 feet of you must succeed on a DC 15 Wisdom saving throw or have the Frightened condition for 1 minute.",,wondrous_item,,,,,,,,,,
pipes_of_the_sewers,Pipes of the Sewers,uncommon,"While these pipes are on your person, ordinary rats and giant rats are Indifferent toward you and won't attack you unless you threaten or harm them. The pipes have 3 charges and regain 1d3 expended charges daily at dawn. If you play the pipes as a Magic action, you can take a Bonus Action to expend 1 to 3 charges, calling forth one Swarm of Rats with each expended charge if enough rats are within half a mile of you to be called in this fashion (as determined by the DM).",,wondrous_item,,,true,,,,,,,
pistol,Pistol,common,,250gp,weapon|martial_weapon|ranged_weapon|firearm,1d10,piercing,,,3,,,,,
plate_armor,Plate Armor,common,"The wearer has Disadvantage on Dexterity (Stealth) checks. If the wearer has a Strength score lower than 15, their speed is reduced by 10 feet.",1500gp,heavy_armor,AC 18,,,,65,,,,,
platinum,Platinum,common,Merchants commonly exchange trade goods without using currency.,500gp,trade_good,,,,,1,,,,,
playing_cards,Playing Cards,common,"Ability: Wisdom Utilize: Discern whether someone is cheating (DC 10), or win the game (DC 20) If you have proficiency with a tool, add your Proficiency Bonus to any ability check you make that uses the tool. If you have proficiency in a skill that's used with that check, you have Advantage on the check too.",5sp,gaming_set,,,,,,,,,,
poisoner_s_kit,Poisoner's Kit,common,"Ability: Intelligence Utilize: Detect a poisoned object (DC 10) Craft: Basic Poison If you have proficiency with a tool, add your Proficiency Bonus to any ability check you make that uses the tool. If you have proficiency in a skill that's used with that check, you have Advantage on the check too.",50gp,tool,,,,,2,,,,,
pole,Pole,common,"A Pole is 10 feet long. You can use it to touch something up to 10 feet away. If you must make a Strength (Athletics) check as part of a High or Long Jump, you can use the Pole to vault, giving yourself Advantage on the check.",5cp,adventuring_gear,,,,,7,,,,,
pole_of_angling,Pole of Angling,common,"This item functions as a Pole. While holding it, you can take a Magic action to cause it to transform into a fishing pole with a hook, a line, and a reel, or have the fishing pole revert to a Pole.",,wondrous_item,,,,,,,,,,
pole_of_collapsing,Pole of Collapsing,common,"This item functions as a Pole. While holding it, you can take a Magic action to collapse it into a 1-foot-long rod for ease of storage (the pole's weight doesn't change) or cause the 1-foot-long rod to revert to a Pole. The rod elongates only as far as the surrounding space allows.",,wondrous_item,,,,,,,,,,
pony,Pony,common,,30gp,mount,"Speed: 40, Carrying Capacity: 225 lb.",,,,,,,,,
portable_hole,Portable Hole,rare,"This fine black cloth, soft as silk, is folded up to the dimensions of a handkerchief. It unfolds into a circular sheet 6 feet in diameter. You can take a Magic action to unfold a Portable Hole and place it on or against a solid surface, whereupon the Portable Hole creates an extradimensional hole 10 feet deep.",,wondrous_item,,,,,,,,,,
portable_ram,Portable Ram,common,"You can use a Portable Ram to break down doors. When doing so, you gain a +4 bonus to the Strength check. One other character can help you use the ram, giving you Advantage on this check.",4gp,adventuring_gear,,,,,35,,,,,
pot_of_awakening,Pot of Awakening,common,"If you plant an ordinary shrub in this 10-pound clay pot and let it grow for 30 days, the shrub magically transforms into an Awakened Shrub at the end of that time. When the shrub awakens, its roots break the pot, destroying it. The awakened shrub is Friendly toward you and obeys your commands.",,wondrous_item,,,,,,,,,,
potion_of_acid_resistance,Potion of Acid Resistance,uncommon,"When you drink this potion, you have Resistance to Acid damage for 1 hour.",,potion,,,,,,,,,,
potion_of_animal_friendship,Potion of Animal Friendship,uncommon,"When you drink this potion, you can cast the level 3 version of the Animal Friendship spell (save DC 13). Agitating this potion's muddy liquid brings little bits into view: a fish scale, a hummingbird feather, a cat claw, or a squirrel hair.",,potion,,,,,,,,,,
potion_of_clairvoyance,Potion of Clairvoyance,rare,"When you drink this potion, you gain the effect of the Clairvoyance spell (no Concentration required). An eyeball bobs in this potion's yellowish liquid but vanishes when the potion is opened.",,potion,,,,,,,,,,
potion_of_climbing,Potion of Climbing,common,"When you drink this potion, you gain a Climb Speed equal to your Speed for 1 hour. During this time, you have Advantage on Strength (Athletics) checks to climb. This potion is separated into brown, silver, and gray layers resembling bands of stone.",,potion,,,,,,,,,,
potion_of_cloud_giant_strength,Potion of Cloud Giant Strength,very_rare,"When you drink this potion, your Strength score changes to 27 for 1 hour. The potion has no effect on you if your Strength is equal to or greater than that score. This potion's transparent liquid has floating in it a sliver of fingernail from a cloud giant.",,potion,,,,,,,,,,
potion_of_cold_resistance,Potion of Cold Resistance,uncommon,"When you drink this potion, you have Resistance to Cold damage for 1 hour.",,potion,,,,,,,,,,
potion_of_comprehension,Potion of Comprehension,common,"When you drink this potion, you gain the effect of the Comprehend Languages spell for 1 hour. This potion's liquid is a clear concoction with bits of salt and soot swirling in it.",,potion,,,,,,,,,,
potion_of_diminution,Potion of Diminution,rare,"When you drink this potion, you gain the ""reduce"" effect of the Enlarge/Reduce spell for 1d4 hours (no Concentration required). The red in the potion's liquid continuously contracts to a tiny bead and then expands to color the clear liquid around it. Shaking the bottle fails to interrupt this process.",,potion,,,,,,,,,,
potion_of_fire_breath,Potion of Fire Breath,uncommon,"After drinking this potion, you can take a Bonus Action to exhale fire at a target within 30 feet of yourself. The target makes a DC 13 Dexterity saving throw, taking 4d6 Fire damage on a failed save or half as much damage on a successful one. The effect ends after you exhale the fire three times or when 1 hour has passed.",,potion,,,,,,,,,,
potion_of_fire_giant_strength,Potion of Fire Giant Strength,rare,"When you drink this potion, your Strength score changes to 25 for 1 hour. The potion has no effect on you if your Strength is equal to or greater than that score. This potion's transparent liquid has floating in it a sliver of fingernail from a fire giant.",,potion,,,,,,,,,,
potion_of_fire_resistance,Potion of Fire Resistance,uncommon,"When you drink this potion, you have Resistance to Fire damage for 1 hour.",,potion,,,,,,,,,,
potion_of_flying,Potion of Flying,very_rare,"When you drink this potion, you gain a Fly Speed equal to your Speed for 1 hour and can hover. If you're in the air when the potion wears off, you fall unless you have some other means of staying aloft. This potion's clear liquid floats at the top of its container and has cloudy white impurities drifting in it.",,potion,,,,,,,,,,
potion_of_force_resistance,Potion of Force Resistance,uncommon,"When you drink this potion, you have Resistance to Force damage for 1 hour.",,potion,,,,,,,,,,
potion_of_frost_giant_strength,Potion of Frost Giant Strength,rare,"When you drink this potion, your Strength score changes to 23 for 1 hour. The potion has no effect on you if your Strength is equal to or greater than that score. This potion's transparent liquid has floating in it a sliver of fingernail from a frost giant.",,potion,,,,,,,,,,
potion_of_gaseous_form,Potion of Gaseous Form,rare,"When you drink this potion, you gain the effect of the Gaseous Form spell for 1 hour (no Concentration required) or until you end the effect as a Bonus Action. This potion's container seems to hold fog that moves and pours like water.",,potion,,,,,,,,,,
potion_of_giant_strength,Potion of Giant Strength,common,,,potion,,,,,,,,,,
potion_of_greater_healing,Potion of Greater Healing,uncommon,You regain 4d4 + 4 Hit Points when you drink this potion. The potion's red liquid glimmers when agitated.,,potion,,,,,,,,,,
potion_of_greater_invisibility,Potion of Greater Invisibility,very_rare,"This potion's container looks empty but feels as though it holds liquid. When you drink the potion, you have the Invisible condition for 1 hour.",,potion,,,,,,,,,,
potion_of_growth,Potion of Growth,uncommon,"When you drink this potion, you gain the ""enlarge"" effect of the Enlarge/Reduce spell for 10 minutes (no Concentration required). The red in the potion's liquid continuously expands from a tiny bead to color the clear liquid around it and then contracts. Shaking the bottle fails to interrupt this process.",,potion,,,,,,,,,,
potion_of_healing,Potion of Healing,common,"This potion is a magic item. As a Bonus Action, you can drink it or administer it to another creature within 5 feet of yourself. The creature that drinks the magical red fluid in this vial regains 2d4 + 2 Hit Points.",50gp,potion,,,,,,,,,,
potion_of_heroism,Potion of Heroism,rare,"When you drink this potion, you gain 10 Temporary Hit Points that last for 1 hour. For the same duration, you are under the effect of the Bless spell (no Concentration required). This potion's blue liquid bubbles and steams as if boiling.",,potion,,,,,,,,,,
potion_of_hill_giant_strength,Potion of Hill Giant Strength,uncommon,"When you drink this potion, your Strength score changes to 21 for 1 hour. The potion has no effect on you if your Strength is equal to or greater than that score. This potion's transparent liquid has floating in it a sliver of fingernail from a hill giant.",,potion,,,,,,,,,,
potion_of_invisibility,Potion of Invisibility,rare,"This potion's container looks empty but feels as though it holds liquid. When you drink the potion, you have the Invisible condition for 1 hour. The effect ends early if you make an attack roll, deal damage, or cast a spell.",,potion,,,,,,,,,,
potion_of_invulnerability,Potion of Invulnerability,rare,"For 1 minute after you drink this potion, you have Resistance to all damage. This potion's syrupy liquid looks like liquefied iron.",,potion,,,,,,,,,,
potion_of_lightning_resistance,Potion of Lightning Resistance,uncommon,"When you drink this potion, you have Resistance to Lightning damage for 1 hour.",,potion,,,,,,,,,,
potion_of_longevity,Potion of Longevity,very_rare,"When you drink this potion, your physical age is reduced by 1d6 + 6 years, to a minimum of 13 years. Each time you subsequently drink a Potion of Longevity, there is 10 percent cumulative chance that you instead age by 1d6 + 6 years. Suspended in this amber liquid is a tiny heart that, against all reason, is still beating.",,potion,,,,,,,,,,
potion_of_mind_reading,Potion of Mind Reading,rare,"When you drink this potion, you gain the effect of the Detect Thoughts spell (save DC 13) for 10 minutes (no Concentration required). This potion's dense, purple liquid has an ovoid cloud of pink floating in it.",,potion,,,,,,,,,,
potion_of_necrotic_resistance,Potion of Necrotic Resistance,uncommon,"When you drink this potion, you have Resistance to Necrotic damage for 1 hour.",,potion,,,,,,,,,,
potion_of_poison,Potion of Poison,uncommon,"This concoction looks, smells, and tastes like a Potion of Healing or another beneficial potion. However, it is actually poison masked by illusion magic. Identify reveals its true nature.",,potion,,,,,,,,,,
potion_of_poison_resistance,Potion of Poison Resistance,uncommon,"When you drink this potion, you have Resistance to Poison damage for 1 hour.",,potion,,,,,,,,,,
potion_of_psychic_resistance,Potion of Psychic Resistance,uncommon,"When you drink this potion, you have Resistance to Psychic damage for 1 hour.",,potion,,,,,,,,,,
potion_of_pugilism,Potion of Pugilism,uncommon,"After you drink this potion, each Unarmed Strike you make deals an extra 1d6 Force damage on a hit. This effect lasts 10 minutes. This potion is a thick green fluid that tastes like spinach.",,potion,,,,,,,,,,
potion_of_radiant_resistance,Potion of Radiant Resistance,uncommon,"When you drink this potion, you have Resistance to Radiant damage for 1 hour.",,potion,,,,,,,,,,
potion_of_resistance,Potion of Resistance,uncommon,"When you drink this potion, you have Resistance to one type of damage for 1 hour. The DM chooses the type or determines it randomly by rolling on the following table.",,potion,,,,,,,,,,
potion_of_speed,Potion of Speed,very_rare,"When you drink this potion, you gain the effect of the Haste spell for 1 minute (no Concentration required) without suffering the wave of lethargy that typically occurs when the effect ends. This potion's yellow fluid is streaked with black and swirls on its own.",,potion,,,,,,,,,,
potion_of_stone_giant_strength,Potion of Stone Giant Strength,rare,"When you drink this potion, your Strength score changes to 23 for 1 hour. The potion has no effect on you if your Strength is equal to or greater than that score. This potion's transparent liquid has floating in it a sliver of fingernail from a stone giant.",,potion,,,,,,,,,,
potion_of_storm_giant_strength,Potion of Storm Giant Strength,legendary,"When you drink this potion, your Strength score changes to 29 for 1 hour. The potion has no effect on you if your Strength is equal to or greater than that score. This potion's transparent liquid has floating in it a sliver of fingernail from a storm giant.",,potion,,,,,,,,,,
potion_of_superior_healing,Potion of Superior Healing,rare,You regain 8d4 + 8 Hit Points when you drink this potion. The potion's red liquid glimmers when agitated.,,potion,,,,,,,,,,
potion_of_supreme_healing,Potion of Supreme Healing,very_rare,You regain 10d4 + 20 Hit Points when you drink this potion. The potion's red liquid glimmers when agitated.,,potion,,,,,,,,,,
potion_of_thunder_resistance,Potion of Thunder Resistance,uncommon,"When you drink this potion, you have Resistance to Thunder damage for 1 hour.",,potion,,,,,,,,,,
potion_of_vitality,Potion of Vitality,very_rare,"When you drink this potion, it removes any Exhaustion levels you have and ends the Poisoned condition on you. For the next 24 hours, you regain the maximum number of Hit Points for any Hit Point Die you spend. This potion's crimson liquid regularly pulses with dull light, calling to mind a heartbeat.",,potion,,,,,,,,,,
potion_of_water_breathing,Potion of Water Breathing,uncommon,You can breathe underwater for 24 hours after drinking this potion. This potion's cloudy green fluid smells of the sea and has a jellyfish-like bubble floating in it.,,potion,,,,,,,,,,
potions_of_healing,Potions of Healing,common,,,potion,,,,,,,,,,
potter_s_tools,Potter's Tools,common,"Ability: Intelligence Utilize: Discern what a ceramic object held in the past 24 hours (DC 15) Craft: Jug, Lamp Artisan's Tools are each focused on crafting items and pursuing a trade. Each type of Artisan's Tools tools requires a separate proficiency. If you have proficiency with a tool, add your Proficiency Bonus to any ability check you make that uses the tool.",10gp,artisan's_tools,,,,,3,,,,,
pouch,Pouch,common,A Pouch holds up to 6 pounds within one-fifth of a cubic foot.,5sp,adventuring_gear,,,,,1,,,,,
priest_s_pack,Priest's Pack,common,"A Priest's Pack contains the following items: Backpack, Blanket, Holy Water, Lamp, 7 days of Rations, Robe, and Tinderbox.",33gp,adventuring_gear,,,,,29,,,,,
prosthetic_limb,Prosthetic Limb,common,"This magic item replaces a lost limb—a hand, an arm, a foot, a leg, or a similar body part. While the prosthetic is attached, it functions identically to the part it replaces. You can detach or reattach it as a Magic action, and it can't be removed against your will while you are alive.",,wondrous_item,,,,,,,,,,
psychic_blade,Psychic Blade,common,,,weapon|simple_weapon|melee_weapon,1d6,psychic,,,,,,,,
purple_worm_poison,Purple Worm Poison,common,"A creature subjected to Purple Worm Poison makes a DC 21 Constitution saving throw, taking 35 (10d6) Poison damage on a failed save or half as much damage on a successful one.",2000gp,adventuring_gear|poison_(injury),,,,,,,,,,
quaal_s_feather_token,Quaal's Feather Token,common,"This object looks like a feather. Different types of feather tokens exist, each with a different single-use effect. The DM chooses the kind of token or determines it randomly by rolling on the Quaal's Feather Tokens table.",,wondrous_item,,,,,,,,,,
quaal_s_feather_token_anchor,"Quaal's Feather Token, Anchor",uncommon,"This object looks like a feather. You can take a Magic action to touch the token to a boat or ship. For the next 24 hours, the vessel can't be moved by any means.",,wondrous_item,,,,,,,,,,
quaal_s_feather_token_bird,"Quaal's Feather Token, Bird",rare,"This object looks like a feather. You can take a Magic action to toss the token 5 feet into the air. The token disappears and an enormous, multicolored bird takes its place.",,wondrous_item,,,,,,,,,,
quaal_s_feather_token_fan,"Quaal's Feather Token, Fan",uncommon,"This object looks like a feather. If you are on a boat or ship, you can take a Magic action to toss the token up to 10 feet in the air. The token disappears, and a giant flapping fan takes its place.",,wondrous_item,,,,,,,,,,
quaal_s_feather_token_swan_boat,"Quaal's Feather Token, Swan Boat",rare,"This object looks like a feather. You can take a Magic action to touch the token to a body of water at least 60 feet in diameter. The token disappears, and a 50-foot-long, 20-foot-wide boat shaped like a swan takes its place.",,wondrous_item,,,,,,,,,,
quaal_s_feather_token_tree,"Quaal's Feather Token, Tree",uncommon,This object looks like a feather. You must be outdoors to use this token. You can take a Magic action to touch it to an unoccupied space on the ground.,,wondrous_item,,,,,,,,,,
quaal_s_feather_token_whip,"Quaal's Feather Token, Whip",rare,"This object looks like a feather. You can take a Magic action to throw the token to a point within 10 feet of yourself. The token disappears, and a floating whip takes its place.",,wondrous_item,,,,,,,,,,
quarterstaff,Quarterstaff,common,,2sp,weapon|simple_weapon|melee_weapon,1d6,bludgeoning,,,4,,,,,
quarterstaff_of_the_acrobat,Quarterstaff of the Acrobat,very_rare,"You have a +2 bonus to attack rolls and damage rolls made with this magic weapon. While holding this weapon, you can cause it to emit green Dim Light out to 10 feet, either as a Bonus Action or after you roll Initiative, or you can extinguish the light as a Bonus Action. While holding this weapon, you can take a Bonus Action to alter its form, turning it into a 6-inch rod (for ease of storage) or a 10-foot pole, or reverting it a Quarterstaff; the weapon will elongate only as far as the surrounding space allows.",,staff|weapon_(quarterstaff)|simple_weapon|melee_weapon,1d6,bludgeoning,true,,4,,,,,
quiver,Quiver,common,A Quiver holds up to 20 Arrows.,1gp,adventuring_gear,,,,,1,,,,,
quiver_of_ehlonna,Quiver of Ehlonna,uncommon,"Each of the quiver's three compartments connects to an extradimensional space that allows the quiver to hold numerous items while never weighing more than 2 pounds. The shortest compartment can hold up to 60 Arrows, Bolts, or similar objects. The midsize compartment holds up to 18 Javelins or similar objects.",,wondrous_item,,,,,2,,,,,
rapier,Rapier,common,,25gp,weapon|martial_weapon|melee_weapon,1d8,piercing,,,2,,,,,
rations,Rations,common,"Rations consist of travel-ready food, including jerky, dried fruit, hardtack, and nuts. See ""Malnutrition"" for the risks of not eating.",5sp,adventuring_gear,,,,,2,,,,,
red_dragon_scale_mail,Red Dragon Scale Mail,very_rare,"Dragon Scale Mail is made of the scales of one kind of dragon. Sometimes dragons collect their cast-off scales and gift them. Other times, hunters carefully preserve the hide of a dead dragon.",,medium_armor_(scale_mail),AC 14 + Dex (max 2),,true,,45,,,,,
reliquary,Reliquary,common,"For a Reliquary to be an effective Holy Symbol, it must be held. A Holy Symbol takes a specific form and is bejeweled or painted to channel divine magic. A Cleric or Paladin can use a Holy Symbol as a Spellcasting Focus.",5gp,spellcasting_focus,,,,,2,,,,,
riding_horse,Riding Horse,common,,75gp,mount,"Speed: 60, Carrying Capacity: 480 lb.",,,,,,,,,
riding_saddle,Riding Saddle,common,"A saddle comes with a bit, a bridle, reins, and any other equipment needed to use the saddle.",10gp,tack_and_harness,,,,,25,,,,,
ring_mail,Ring Mail,common,The wearer has Disadvantage on Dexterity (Stealth) checks.,30gp,heavy_armor,AC 14,,,,40,,,,,
ring_of_acid_resistance,Ring of Acid Resistance,rare,You have Resistance to Acid damage while wearing this ring. The ring is set with pearl.,,ring,,,,,,,,,,
ring_of_animal_influence,Ring of Animal Influence,rare,"This ring has 3 charges, and it regains 1d3 expended charges daily at dawn. While wearing the ring, you can expend 1 charge to cast one of the following spells (save DC 13) from it: Animal FriendshipFear (affects Beasts only)Speak with Animals",,ring,,,,,,,,,,
ring_of_cold_resistance,Ring of Cold Resistance,rare,You have Resistance to Cold damage while wearing this ring. The ring is set with tourmaline.,,ring,,,,,,,,,,
ring_of_djinni_summoning,Ring of Djinni Summoning,legendary,"While wearing this ring, you can take a Magic action to summon a particular Djinni from the Elemental Plane of Air. The djinni appears in an unoccupied space you choose within 120 feet of yourself. It remains as long as you maintain Concentration, to a maximum of 1 hour, or until it drops to 0 Hit Points.",,ring,,,true,,,,,,,
ring_of_elemental_command,Ring of Elemental Command,legendary,,,ring,,,true,,,,,,,
ring_of_elemental_command_air,Ring of Elemental Command (Air),legendary,"The Ring of Elemental Command (air) is linked to the Elemental Plane of Air. Every Ring of Elemental Command has the following two properties: Elemental Bane. While wearing the ring, you have Advantage on attack rolls against Elementals and they have Disadvantage on attack rolls against you.",,ring,,,true,,,,,,,
ring_of_elemental_command_earth,Ring of Elemental Command (Earth),legendary,"The Ring of Elemental Command (earth) is linked to the Elemental Plane of Earth. Every Ring of Elemental Command has the following two properties: Elemental Bane. While wearing the ring, you have Advantage on attack rolls against Elementals and they have Disadvantage on attack rolls against you.",,ring,,,true,,,,,,,
ring_of_elemental_command_fire,Ring of Elemental Command (Fire),legendary,"The Ring of Elemental Command (fire) is linked to the Elemental Plane of Fire. Every Ring of Elemental Command has the following two properties: Elemental Bane. While wearing the ring, you have Advantage on attack rolls against Elementals and they have Disadvantage on attack rolls against you.",,ring,,,true,,,,,,,
ring_of_elemental_command_water,Ring of Elemental Command (Water),legendary,"The Ring of Elemental Command (water) is linked to the Elemental Plane of Water. Every Ring of Elemental Command has the following two properties: Elemental Bane. While wearing the ring, you have Advantage on attack rolls against Elementals and they have Disadvantage on attack rolls against you.",,ring,,,true,,,,,,,
ring_of_evasion,Ring of Evasion,rare,"This ring has 3 charges, and it regains 1d3 expended charges daily at dawn. When you fail a Dexterity saving throw while wearing the ring, you can take a Reaction to expend 1 charge to succeed on that save instead.",,ring,,,true,,,,,,,
ring_of_feather_falling,Ring of Feather Falling,rare,"When you fall while wearing this ring, you descend 60 feet per round and take no damage from falling.",,ring,,,true,,,,,,,
ring_of_fire_resistance,Ring of Fire Resistance,rare,You have Resistance to Fire damage while wearing this ring. The ring is set with garnet.,,ring,,,,,,,,,,
ring_of_force_resistance,Ring of Force Resistance,rare,You have Resistance to Force damage while wearing this ring. The ring is set with sapphire.,,ring,,,,,,,,,,
ring_of_free_action,Ring of Free Action,rare,"While you wear this ring, Difficult Terrain doesn't cost you extra movement. In addition, magic can neither reduce any of your Speeds nor cause you to have the Paralyzed or Restrained condition.",,ring,,,true,,,,,,,
ring_of_invisibility,Ring of Invisibility,legendary,"While wearing this ring, you can take a Magic action to give yourself the Invisible condition. You remain Invisible until the ring is removed or until you take a Bonus Action to become visible again.",,ring,,,true,,,,,,,
ring_of_jumping,Ring of Jumping,uncommon,"While wearing this ring, you can cast Jump from it, but can target only yourself when you do so.",,ring,,,true,,,,,,,
ring_of_lightning_resistance,Ring of Lightning Resistance,rare,You have Resistance to Lightning damage while wearing this ring. The ring is set with citrine.,,ring,,,,,,,,,,
ring_of_mind_shielding,Ring of Mind Shielding,uncommon,"While wearing this ring, you are immune to magic that allows other creatures to read your thoughts, determine whether you are lying, know your alignment, or know your creature type. Creatures can telepathically communicate with you only if you allow it. You can take a Magic action to cause the ring to become imperceptible until you take another Magic action to make it perceptible, until you remove the ring, or until you die.",,ring,,,true,,,,,,,
ring_of_necrotic_resistance,Ring of Necrotic Resistance,rare,You have Resistance to Necrotic damage while wearing this ring. The ring is set with jet.,,ring,,,,,,,,,,
ring_of_poison_resistance,Ring of Poison Resistance,rare,You have Resistance to Poison damage while wearing this ring. The ring is set with amethyst.,,ring,,,,,,,,,,
ring_of_protection,Ring of Protection,rare,You gain a +1 bonus to Armor Class and saving throws while wearing this ring.,,ring,,,true,,,,,,,
ring_of_psychic_resistance,Ring of Psychic Resistance,rare,You have Resistance to Psychic damage while wearing this ring. The ring is set with jade.,,ring,,,,,,,,,,
ring_of_radiant_resistance,Ring of Radiant Resistance,rare,You have Resistance to Radiant damage while wearing this ring. The ring is set with topaz.,,ring,,,,,,,,,,
ring_of_regeneration,Ring of Regeneration,very_rare,"While wearing this ring, you regain 1d6 Hit Points every 10 minutes if you have at least 1 Hit Point. If you lose a body part, the ring causes the missing part to regrow and return to full functionality after 1d6 + 1 days if you have at least 1 Hit Point the whole time.",,ring,,,true,,,,,,,
ring_of_resistance,Ring of Resistance,rare,"You have Resistance to one damage type while wearing this ring. The gemstone in the ring indicates the type, which the DM chooses or determines randomly by rolling on the following table.",,ring,,,,,,,,,,
ring_of_shooting_stars,Ring of Shooting Stars,very_rare,You can cast Dancing Lights or Light from the ring. The ring has 6 charges and regains 1d6 expended charges daily at dawn. You can expend its charges to use the properties below.,,ring,,,true,,,,,,,
ring_of_spell_storing,Ring of Spell Storing,rare,"This ring stores spells cast into it, holding them until the attuned wearer uses them. The ring can store up to 5 levels worth of spells at a time. When found, it contains 1d6 - 1 levels of stored spells chosen by the DM.",,ring,,,true,,,,,,,
ring_of_spell_turning,Ring of Spell Turning,legendary,"While wearing this ring, you have Advantage on saving throws against spells. If you succeed on the save for a spell of level 7 or lower, the spell has no effect on you. If that spell targeted only you and didn't create an area of effect, you can take a Reaction to deflect the spell back at the spell's caster; the caster must make a saving throw against the spell using their own spell save DC.",,ring,,,true,,,,,,,
ring_of_swimming,Ring of Swimming,uncommon,You have a Swim Speed of 40 feet while wearing this ring.,,ring,,,,,,,,,,
ring_of_telekinesis,Ring of Telekinesis,very_rare,"While wearing this ring, you can cast Telekinesis from it.",,ring,,,true,,,,,,,
ring_of_three_wishes,Ring of Three Wishes,legendary,"While wearing this ring, you can expend 1 of its 3 charges to cast Wish from it. The ring becomes nonmagical when you use the last charge.",,ring,,,,,,,,,,
ring_of_thunder_resistance,Ring of Thunder Resistance,rare,You have Resistance to Thunder damage while wearing this ring. The ring is set with spinel.,,ring,,,,,,,,,,
ring_of_warmth,Ring of Warmth,uncommon,"If you take Cold damage while wearing this ring, the ring reduces the damage you take by 2d8. In addition, while wearing this ring, you and everything you wear and carry are unharmed by temperatures of 0 degrees Fahrenheit or lower.",,ring,,,true,,,,,,,
ring_of_water_walking,Ring of Water Walking,uncommon,"While wearing this ring, you cast Water Walk from it, targeting only yourself.",,ring,,,,,,,,,,
ring_of_x_ray_vision,Ring of X-ray Vision,rare,"While wearing this ring, you can take a Magic action to gain X-ray vision with a range of 30 feet for 1 minute. To you, solid objects within that radius appear transparent and don't prevent light from passing through them. The vision can penetrate 1 foot of stone, 1 inch of common metal, or up to 3 feet of wood or dirt.",,ring,,,true,,,,,,,
ring_of_the_ram,Ring of the Ram,rare,"This ring has 3 charges and regains 1d3 expended charges daily at dawn. While wearing the ring, you can take a Magic action to expend 1 to 3 charges to make a ranged spell attack against one creature you can see within 60 feet of yourself. The ring produces a spectral ram's head and makes its attack roll with a +7 bonus.",,ring,,,true,,,,,,,
rival_coin,Rival Coin,common,"This gold coin has a creature embossed on each side. The two depicted creatures must be famous rivals or enemies of each other. For example, a Rival Coin might show Iggwilv on one side and Mordenkainen on the other, or Venger on one side and Tiamat on the other.",,wondrous_item,,,,,,,,,,
robe,Robe,common,A Robe has vocational or ceremonial significance. Some events and locations admit only people wearing a Robe bearing certain colors or symbols.,1gp,adventuring_gear,,,,,4,,,,,
robe_of_eyes,Robe of Eyes,rare,"This robe is adorned with eyelike patterns. While you wear the robe, you gain the following benefits: All-Around Vision. The robe gives you Advantage on Wisdom (Perception) checks that rely on sight.",,wondrous_item,,,true,,,,,,,
robe_of_scintillating_colors,Robe of Scintillating Colors,very_rare,"This robe has 3 charges, and it regains 1d3 expended charges daily at dawn. While you wear it, you can take a Magic action and expend 1 charge to cause the garment to display a shifting pattern of dazzling hues until the end of your next turn. During this time, the robe sheds Bright Light in a 30-foot radius and Dim Light for an additional 30 feet, and creatures that can see you have Disadvantage on attack rolls against you.",,wondrous_item,,,true,,,,,,,
robe_of_stars,Robe of Stars,very_rare,"This black or dark-blue robe is embroidered with small white or silver stars. You gain a +1 bonus to saving throws while you wear it. Six stars, located on the robe's upper-front portion, are particularly large.",,wondrous_item,,,true,,,,,,,
robe_of_useful_items,Robe of Useful Items,uncommon,"This robe has cloth patches of various shapes and colors covering it. While wearing the robe, you can take a Magic action to detach one of the patches, causing it to become the object or creature it represents. Once the last patch is removed, the robe becomes an ordinary garment.",,wondrous_item,,,,,,,,,,
robe_of_the_archmagi,Robe of the Archmagi,legendary,This elegant garment is made from exquisite cloth and adorned with runes. You gain these benefits while wearing the robe. Armor.,,wondrous_item,,,true,,,,,,,
rod,Rod,common,"An Arcane Focus takes a specific form and is bejeweled or carved to channel arcane magic. A Sorcerer, Warlock, or Wizard can use such an item as a Spellcasting Focus.",10gp,spellcasting_focus,,,,,2,,,,,
rod_of_absorption,Rod of Absorption,very_rare,"While holding this rod, you can take a Reaction to absorb a spell that is targeting only you and doesn't create an area of effect. The absorbed spell's effect is canceled, and the spell's energy—not the spell itself—is stored in the rod. The energy has the same level as the spell when it was cast.",,rod,,,true,,2,,,,,
rod_of_alertness,Rod of Alertness,very_rare,"This rod has the following properties. Alertness. While holding the rod, you have Advantage on Wisdom (Perception) checks and on Initiative rolls.",,rod,,,true,,2,,,,,
rod_of_lordly_might,Rod of Lordly Might,legendary,"This rod has a flanged head, and it functions as a magic Mace that grants a +3 bonus to attack rolls and damage rolls made with it. The rod has properties associated with six different buttons that are set in a row along the haft. It has three other properties as well, detailed below.",,rod,,,true,,2,,,,,
rod_of_resurrection,Rod of Resurrection,legendary,"The rod has 5 charges. While you hold it, you can cast one of the following spells from it: Heal (expends 1 charge) or Resurrection (expends 5 charges). The rod regains 1 expended charge daily at dawn.",,rod,,,true,,2,,,,,
rod_of_rulership,Rod of Rulership,rare,"You can take a Magic action to present the rod and command obedience from each creature of your choice that you can see within 120 feet of yourself. Each target must succeed on a DC 15 Wisdom saving throw or have the Charmed condition for 8 hours. While Charmed in this way, the creature regards you as its trusted leader.",,rod,,,true,,2,,,,,
rod_of_security,Rod of Security,very_rare,"While holding this rod, you can take a Magic action to activate it. The rod then instantly transports you and up to 199 other willing creatures you can see to a demiplane. You choose the form the demiplane takes.",,rod,,,,,2,,,,,
rod_of_the_pact_keeper,Rod of the Pact Keeper,common,,,rod,,,true,,2,,,,,
rope,Rope,common,"As a Utilize action, you can tie a knot with Rope if you succeed on a DC 10 Dexterity (Sleight of Hand) check. The Rope can be burst with a successful DC 20 Strength (Athletics) check. You can bind an unwilling creature with the Rope only if the creature has the Grappled, Incapacitated, or Restrained condition.",1gp,adventuring_gear,,,,,5,,,,,
rope_of_climbing,Rope of Climbing,uncommon,"This 60-foot length of rope can hold up to 3,000 pounds. While holding one end of the rope, you can take a Magic action to command the other end of the rope to animate and move toward a destination you choose, up to the rope's length away from you. That end moves 10 feet on your turn when you first command it and 10 feet at the start of each of your subsequent turns until reaching its destination or until you tell it to stop.",,wondrous_item,,,,,,,,,,
rope_of_entanglement,Rope of Entanglement,rare,"This rope is 30 feet long. While holding one end of the rope, you can take a Magic action to command the other end to dart forward and entangle one creature you can see within 20 feet of yourself. The target must succeed on a DC 15 Dexterity saving throw or have the Restrained condition.",,wondrous_item,,,,,,,,,,
rope_of_mending,Rope of Mending,common,"This 50-foot coil of rope can repair itself when cut into any number of smaller pieces. As a Magic action, you can cause all pieces of the rope that are in contact with each other and not otherwise in use to knit back together. A Rope of Mending is forever shortened if a section of it is lost or destroyed.",,wondrous_item,,,,,,,,,,
rowboat,Rowboat,common,,50gp,vehicle_(water),"Speed: 1½ mphCarrying Capacity: 3 passengersCrew 1, AC 11, HP 50",,,,100,,,,,
ruby_of_the_war_mage,Ruby of the War Mage,common,"Etched with eldritch runes, this 1-inch-diameter ruby allows you to use a Simple or Martial weapon as a Spellcasting Focus for your spells. For this property to work, you must attach the ruby to the weapon by pressing the ruby against it for at least 10 minutes. Thereafter, the ruby can't be removed unless you detach it as a Magic action, the weapon is destroyed, or your Attunement to the ruby ends.",,wondrous_item|spellcasting_focus,,,true,,,,,,,
sack,Sack,common,A Sack holds up to 30 pounds within 1 cubic foot.,1cp,adventuring_gear,,,,,,,,,,
saddle_of_the_cavalier,Saddle of the Cavalier,uncommon,"While in this saddle on a mount, you can't be dismounted against your will if you're conscious, and attack rolls against the mount have disadvantage.",,wondrous_item,,,,,,,,,,
saffron,Saffron,common,Merchants commonly exchange trade goods without using currency.,15gp,trade_good,,,,,1,,,,,
sailing_ship,Sailing Ship,common,,10000gp,vehicle_(water),"Speed: 2 mphCarrying Capacity: 100 tons cargo, 20 passengersCrew 20, AC 15, HP 300, Damage Threshold 15",,,,,,,,,
salt,Salt,common,Merchants commonly exchange trade goods without using currency.,5cp,trade_good,,,,,1,,,,,
scale_mail,Scale Mail,common,The wearer has Disadvantage on Dexterity (Stealth) checks.,50gp,medium_armor,AC 14 + Dex (max 2),,,,45,,,,,
scarab_of_protection,Scarab of Protection,legendary,This beetle-shaped medallion provides three benefits while it is on your person. Defense. You gain a +1 bonus to Armor Class.,,wondrous_item,,,true,,1,,,,,
scholar_s_pack,Scholar's Pack,common,"A Scholar's Pack contains the following items: Backpack, Book, Ink, Ink Pen, Lamp, 10 flasks of Oil, 10 sheets of Parchment, and Tinderbox.",40gp,adventuring_gear,,,,,22,,,,,
scimitar,Scimitar,common,,25gp,weapon|martial_weapon|melee_weapon,1d6,slashing,,,3,,,,,
scimitar_of_speed,Scimitar of Speed,very_rare,"You gain a +2 bonus to attack rolls and damage rolls made with this magic weapon. In addition, you can make one attack with it as a Bonus Action on each of your turns.",,weapon_(scimitar)|martial_weapon|melee_weapon,1d6,slashing,true,,3,,,,,
scroll_of_protection,Scroll of Protection,rare,Each Scroll of Protection works against creatures of a specific creature type chosen by the DM or determined by rolling on the following table.,,scroll,,,,,,,,,,
scroll_of_protection_aberrations,Scroll of Protection (Aberrations),rare,"Using a Magic action to read the scroll creates a 5-foot Emanation originating from you. For 5 minutes, Aberrations can't enter or affect anything in the area. However, if you move in such a way that an Aberration would be inside the area, the effect ends.",,scroll,,,,,,,,,,
scroll_of_protection_beasts,Scroll of Protection (Beasts),rare,"Using a Magic action to read the scroll creates a 5-foot Emanation originating from you. For 5 minutes, Beasts can't enter or affect anything in the area. However, if you move in such a way that an Beast would be inside the area, the effect ends.",,scroll,,,,,,,,,,
scroll_of_protection_celestials,Scroll of Protection (Celestials),rare,"Using a Magic action to read the scroll creates a 5-foot Emanation originating from you. For 5 minutes, Celestials can't enter or affect anything in the area. However, if you move in such a way that an Celestial would be inside the area, the effect ends.",,scroll,,,,,,,,,,
scroll_of_protection_constructs,Scroll of Protection (Constructs),rare,"Using a Magic action to read the scroll creates a 5-foot Emanation originating from you. For 5 minutes, Constructs can't enter or affect anything in the area. However, if you move in such a way that an Construct would be inside the area, the effect ends.",,scroll,,,,,,,,,,
scroll_of_protection_dragons,Scroll of Protection (Dragons),rare,"Using a Magic action to read the scroll creates a 5-foot Emanation originating from you. For 5 minutes, Dragons can't enter or affect anything in the area. However, if you move in such a way that an Dragon would be inside the area, the effect ends.",,scroll,,,,,,,,,,
scroll_of_protection_elementals,Scroll of Protection (Elementals),rare,"Using a Magic action to read the scroll creates a 5-foot Emanation originating from you. For 5 minutes, Elementals can't enter or affect anything in the area. However, if you move in such a way that an Elemental would be inside the area, the effect ends.",,scroll,,,,,,,,,,
scroll_of_protection_fey,Scroll of Protection (Fey),rare,"Using a Magic action to read the scroll creates a 5-foot Emanation originating from you. For 5 minutes, Fey can't enter or affect anything in the area. However, if you move in such a way that an Fey would be inside the area, the effect ends.",,scroll,,,,,,,,,,
scroll_of_protection_fiends,Scroll of Protection (Fiends),rare,"Using a Magic action to read the scroll creates a 5-foot Emanation originating from you. For 5 minutes, Fiends can't enter or affect anything in the area. However, if you move in such a way that an Fiend would be inside the area, the effect ends.",,scroll,,,,,,,,,,
scroll_of_protection_giants,Scroll of Protection (Giants),rare,"Using a Magic action to read the scroll creates a 5-foot Emanation originating from you. For 5 minutes, Giants can't enter or affect anything in the area. However, if you move in such a way that an Giant would be inside the area, the effect ends.",,scroll,,,,,,,,,,
scroll_of_protection_humanoids,Scroll of Protection (Humanoids),rare,"Using a Magic action to read the scroll creates a 5-foot Emanation originating from you. For 5 minutes, Humanoids can't enter or affect anything in the area. However, if you move in such a way that an Humanoid would be inside the area, the effect ends.",,scroll,,,,,,,,,,
scroll_of_protection_monstrosities,Scroll of Protection (Monstrosities),rare,"Using a Magic action to read the scroll creates a 5-foot Emanation originating from you. For 5 minutes, Monstrosities can't enter or affect anything in the area. However, if you move in such a way that an Monstrosity would be inside the area, the effect ends.",,scroll,,,,,,,,,,
scroll_of_protection_oozes,Scroll of Protection (Oozes),rare,"Using a Magic action to read the scroll creates a 5-foot Emanation originating from you. For 5 minutes, Oozes can't enter or affect anything in the area. However, if you move in such a way that an Ooze would be inside the area, the effect ends.",,scroll,,,,,,,,,,
scroll_of_protection_plants,Scroll of Protection (Plants),rare,"Using a Magic action to read the scroll creates a 5-foot Emanation originating from you. For 5 minutes, Plants can't enter or affect anything in the area. However, if you move in such a way that an Plant would be inside the area, the effect ends.",,scroll,,,,,,,,,,
scroll_of_protection_undead,Scroll of Protection (Undead),rare,"Using a Magic action to read the scroll creates a 5-foot Emanation originating from you. For 5 minutes, Undead can't enter or affect anything in the area. However, if you move in such a way that an Undead would be inside the area, the effect ends.",,scroll,,,,,,,,,,
scroll_of_titan_summoning,Scroll of Titan Summoning,legendary,"When you take a Magic action to read this scroll, a particular titan named in the scroll appears in an unoccupied space on the ground or in water that you can see within 1 mile of yourself. The DM picks a suitable titan or determines it randomly by rolling on the table below. The titan is Hostile toward all other creatures and disappears when it drops to 0 Hit Points.",,scroll,,,,,,,,,,
scroll_of_titan_summoning_animal_lord,Scroll of Titan Summoning (Animal Lord),legendary,"When you take a Magic action to read this scroll, an Animal Lord appears in an unoccupied space on the ground or in water that you can see within 1 mile of yourself. The Animal Lord is Hostile toward all other creatures and disappears when it drops to 0 Hit Points. If the Animal Lord is summoned into a space that isn't large enough to contain it, the summoning fails, and the scroll is wasted.",,scroll,,,,,,,,,,
scroll_of_titan_summoning_blob_of_annihilation,Scroll of Titan Summoning (Blob of Annihilation),legendary,"When you take a Magic action to read this scroll, a Blob of Annihilation appears in an unoccupied space on the ground or in water that you can see within 1 mile of yourself. The Blob of Annihilation is Hostile toward all other creatures and disappears when it drops to 0 Hit Points. If the Blob of Annihilation is summoned into a space that isn't large enough to contain it, the summoning fails, and the scroll is wasted.",,scroll,,,,,,,,,,
scroll_of_titan_summoning_colossus,Scroll of Titan Summoning (Colossus),legendary,"When you take a Magic action to read this scroll, a Colossus appears in an unoccupied space on the ground or in water that you can see within 1 mile of yourself. The Colossus is Hostile toward all other creatures and disappears when it drops to 0 Hit Points. If the Colossus is summoned into a space that isn't large enough to contain it, the summoning fails, and the scroll is wasted.",,scroll,,,,,,,,,,
scroll_of_titan_summoning_elemental_cataclysm,Scroll of Titan Summoning (Elemental Cataclysm),legendary,"When you take a Magic action to read this scroll, an Elemental Cataclysm appears in an unoccupied space on the ground or in water that you can see within 1 mile of yourself. The Elemental Cataclysm is Hostile toward all other creatures and disappears when it drops to 0 Hit Points. If the Elemental Cataclysm is summoned into a space that isn't large enough to contain it, the summoning fails, and the scroll is wasted.",,scroll,,,,,,,,,,
scroll_of_titan_summoning_empyrean,Scroll of Titan Summoning (Empyrean),legendary,"When you take a Magic action to read this scroll, an Empyrean appears in an unoccupied space on the ground or in water that you can see within 1 mile of yourself. The Empyrean is Hostile toward all other creatures and disappears when it drops to 0 Hit Points. If the Empyrean is summoned into a space that isn't large enough to contain it, the summoning fails, and the scroll is wasted.",,scroll,,,,,,,,,,
scroll_of_titan_summoning_kraken,Scroll of Titan Summoning (Kraken),legendary,"When you take a Magic action to read this scroll, a Kraken appears in an unoccupied space in water that you can see within 1 mile of yourself. A kraken requires a body of water large enough to contain it, or the summoning fails and the scroll is wasted The Kraken is Hostile toward all other creatures and disappears when it drops to 0 Hit Points. If the Kraken is summoned into a space that isn't large enough to contain it, the summoning fails, and the scroll is wasted.",,scroll,,,,,,,,,,
scroll_of_titan_summoning_tarrasque,Scroll of Titan Summoning (Tarrasque),legendary,"When you take a Magic action to read this scroll, a Tarrasque appears in an unoccupied space on the ground or in water that you can see within 1 mile of yourself. The Tarrasque is Hostile toward all other creatures and disappears when it drops to 0 Hit Points. If the Tarrasque is summoned into a space that isn't large enough to contain it, the summoning fails, and the scroll is wasted.",,scroll,,,,,,,,,,
sending_stones,Sending Stones,uncommon,"Sending Stones come in pairs, with each stone carved to match the other so the pairing is easily recognized. While you touch one stone, you can cast Sending from it. The target is the bearer of the other stone.",,wondrous_item,,,,,,,,,,
sentinel_shield,Sentinel Shield,uncommon,"While holding this Shield, you have Advantage on Initiative rolls and Wisdom (Perception) checks. The Shield is emblazoned with a symbol of an eye.",,shield_(shield),AC +2,,,,6,,,,,
serpent_venom,Serpent Venom,common,"A creature subjected to Serpent Venom must succeed on a DC 11 Constitution saving throw, taking 10 (3d6) Poison damage on a failed save or half as much damage on a successful one.",200gp,adventuring_gear|poison_(injury),,,,,,,,,,
shawm,Shawm,common,"Ability: Charisma Utilize: Play a known tune (DC 10), or improvise a song (DC 15) If you have proficiency with a tool, add your Proficiency Bonus to any ability check you make that uses the tool. If you have proficiency in a skill that's used with that check, you have Advantage on the check too.",2gp,instrument,,,,,1,,,,,
sheep,Sheep,common,Merchants commonly exchange trade goods without using currency.,2gp,trade_good,,,,,,,,,,
shield,Shield,common,,10gp,armor_(shield),AC +2,,,,6,,,,,
shield_of_expression,Shield of Expression,common,"The front of this Shield is shaped in the likeness of a face. While bearing the Shield, you can take a Bonus Action to alter the face's expression.",,shield_(shield),AC +2,,,,6,,,,,
shield_of_missile_attraction,Shield of Missile Attraction,rare,"While holding this Shield, you have Resistance to damage from attacks made with Ranged weapons. Curse. This Shield is cursed.",,shield_(shield),AC +2,,true,,6,,,,,
shield_of_the_cavalier,Shield of the Cavalier,very_rare,"While holding this Shield, you have a +2 bonus to Armor Class. This bonus is in addition to the Shield's normal bonus to AC. The Shield has the following additional properties that you can use while holding it.",,shield_(shield),AC +2,,true,,6,,,,,
shortbow,Shortbow,common,,25gp,weapon|simple_weapon|ranged_weapon,1d6,piercing,,,2,,,,,
shortsword,Shortsword,common,,10gp,weapon|martial_weapon|melee_weapon,1d6,piercing,,,2,,,,,
shovel,Shovel,common,"Working for 1 hour, you can use a Shovel to dig a hole that is 5 feet on each side in soil or similar material.",2gp,adventuring_gear,,,,,5,,,,,
sickle,Sickle,common,,1gp,weapon|simple_weapon|melee_weapon,1d4,slashing,,,2,,,,,
signal_whistle,Signal Whistle,common,"When blown as a Utilize action, a Signal Whistle produces a sound that can be heard up to 600 feet away.",5cp,adventuring_gear,,,,,,,,,,
silk,Silk,common,Merchants commonly exchange trade goods without using currency.,10gp,trade_good,,,,,1,,,,,
silver,Silver,common,Merchants commonly exchange trade goods without using currency.,5gp,trade_good,,,,,1,,,,,
silver_dragon_scale_mail,Silver Dragon Scale Mail,very_rare,"Dragon Scale Mail is made of the scales of one kind of dragon. Sometimes dragons collect their cast-off scales and gift them. Other times, hunters carefully preserve the hide of a dead dragon.",,medium_armor_(scale_mail),AC 14 + Dex (max 2),,true,,45,,,,,
sled,Sled,common,,20gp,vehicle_(land),,,,,300,,,,,
sling,Sling,common,,1sp,weapon|simple_weapon|ranged_weapon,1d4,bludgeoning,,,,,,,,
sling_bullet,Sling Bullet,common,"Sling bullets are used with a weapon that has the ammunition property to make a ranged attack. Each time you attack with the weapon, you expend one piece of ammunition. Drawing the ammunition from a quiver, case, or other container is part of the attack (you need a free hand to load a one-handed weapon).",,ammunition,,,,,,,,,,
sling_bullets_20,Sling Bullets (20),common,"Sling bullets are used with a weapon that has the ammunition property to make a ranged attack. Each time you attack with the weapon, you expend one piece of ammunition. Drawing the ammunition from a quiver, case, or other container is part of the attack (you need a free hand to load a one-handed weapon).",4cp,ammunition,,,,,,,,,,
slippers_of_spider_climbing,Slippers of Spider Climbing,uncommon,"While you wear these light shoes, you can move up, down, and across vertical surfaces and along ceilings, while leaving your hands free. You have a Climb Speed equal to your Speed. However, the slippers don't allow you to move this way on a slippery surface, such as one covered by ice or oil.",,wondrous_item,,,true,,,,,,,
smith_s_tools,Smith's Tools,common,"Ability: Strength Utilize: Pry open a door or container (DC 20) Craft: Any Melee weapon (except Club, Greatclub, Quarterstaff, and Whip), Medium armor (except Hide), Heavy armor, Ball Bearings, Bucket, Caltrops, Chain, Crowbar, Firearm Bullets, Grappling Hook, Iron Pot, Iron Spikes, Sling Bullets Artisan's Tools are each focused on crafting items and pursuing a trade. Each type of Artisan's Tools tools requires a separate proficiency. If you have proficiency with a tool, add your Proficiency Bonus to any ability check you make that uses the tool.",20gp,artisan's_tools,,,,,8,,,,,
smoke_grenade,Smoke Grenade,common,"As an action, you can either throw a grenade at a point up to 60 feet away or use a Grenade Launcher to propel the grenade to a point up to 1,000 feet away. The grenade explodes at that point, creating a particular effect in a 20-foot-radius Sphere. The area of the Sphere is Heavily Obscured by smoke for 1 minute.",50gp,explosive,,,,,2,,,,,
sovereign_glue,Sovereign Glue,legendary,"This viscous, milky-white substance can form a permanent adhesive bond between any two objects. It must be stored in a jar or flask that has been coated inside with Oil of Slipperiness. When found, a container contains 1d6 + 1 ounces.",,wondrous_item,,,,,,,,,,
spear,Spear,common,,1gp,weapon|simple_weapon|melee_weapon,1d6,piercing,,,3,,,,,
spell_scroll,Spell Scroll,common,,,scroll,,,,,,,,,,
spell_scroll_cantrip,Spell Scroll (Cantrip),common,"A Spell Scroll bears the words of a single spell, written in a mystical cipher. If the spell is on your spell list, you can read the scroll and cast its spell without Material components. Otherwise, the scroll is unintelligible.",30gp,scroll,,,,,,,,,,
spell_scroll_level_1,Spell Scroll (Level 1),common,"A Spell Scroll bears the words of a single spell, written in a mystical cipher. If the spell is on your spell list, you can read the scroll and cast its spell without Material components. Otherwise, the scroll is unintelligible.",50gp,scroll,,,,,,,,,,
spell_scroll_level_2,Spell Scroll (Level 2),uncommon,"A Spell Scroll bears the words of a single spell, written in a mystical cipher. If the spell is on your spell list, you can read the scroll and cast its spell without Material components. Otherwise, the scroll is unintelligible.",,scroll,,,,,,,,,,
spell_scroll_level_3,Spell Scroll (Level 3),uncommon,"A Spell Scroll bears the words of a single spell, written in a mystical cipher. If the spell is on your spell list, you can read the scroll and cast its spell without Material components. Otherwise, the scroll is unintelligible.",,scroll,,,,,,,,,,
spell_scroll_level_4,Spell Scroll (Level 4),rare,"A Spell Scroll bears the words of a single spell, written in a mystical cipher. If the spell is on your spell list, you can read the scroll and cast its spell without Material components. Otherwise, the scroll is unintelligible.",,scroll,,,,,,,,,,
spell_scroll_level_5,Spell Scroll (Level 5),rare,"A Spell Scroll bears the words of a single spell, written in a mystical cipher. If the spell is on your spell list, you can read the scroll and cast its spell without Material components. Otherwise, the scroll is unintelligible.",,scroll,,,,,,,,,,
spell_scroll_level_6,Spell Scroll (Level 6),very_rare,"A Spell Scroll bears the words of a single spell, written in a mystical cipher. If the spell is on your spell list, you can read the scroll and cast its spell without Material components. Otherwise, the scroll is unintelligible.",,scroll,,,,,,,,,,
spell_scroll_level_7,Spell Scroll (Level 7),very_rare,"A Spell Scroll bears the words of a single spell, written in a mystical cipher. If the spell is on your spell list, you can read the scroll and cast its spell without Material components. Otherwise, the scroll is unintelligible.",,scroll,,,,,,,,,,
spell_scroll_level_8,Spell Scroll (Level 8),very_rare,"A Spell Scroll bears the words of a single spell, written in a mystical cipher. If the spell is on your spell list, you can read the scroll and cast its spell without Material components. Otherwise, the scroll is unintelligible.",,scroll,,,,,,,,,,
spell_scroll_level_9,Spell Scroll (Level 9),legendary,"A Spell Scroll bears the words of a single spell, written in a mystical cipher. If the spell is on your spell list, you can read the scroll and cast its spell without Material components. Otherwise, the scroll is unintelligible.",,scroll,,,,,,,,,,
spellguard_shield,Spellguard Shield,very_rare,"While holding this Shield, you have Advantage on saving throws against spells and other magical effects, and spell attack rolls have Disadvantage against you.",,shield_(shield),AC +2,,true,,6,,,,,
sphere_of_annihilation,Sphere of Annihilation,legendary,"This 2-foot-diameter black sphere is a hole in the multiverse, hovering in space and stabilized by a magical field surrounding it. The sphere obliterates all matter it passes through and all matter that passes through it. Artifacts are the exception.",,wondrous_item,,,,,,,,,,
spirit_board,Spirit Board,very_rare,"This ornate wooden board has the letters of the Common alphabet printed on one side, alongside the words ""Yes"" and ""No"" and symbols representing ""Weal"" and ""Woe."" The board comes with a heart-shaped, wooden planchette. This planchette must be resting on the lettered side of the board for the board's magic to function. This board has 3 charges and regains 1 expended charge daily at dawn.",,wondrous_item,,,,,,,,,,
splint_armor,Splint Armor,common,"The wearer has Disadvantage on Dexterity (Stealth) checks. If the wearer has a Strength score lower than 15, their speed is reduced by 10 feet.",200gp,heavy_armor,AC 17,,,,60,,,,,
sprig_of_mistletoe,Sprig of Mistletoe,common,"A Druidic Focus takes a specific form and is carved, tied with ribbon, or painted to channel primal magic. A Druid or Ranger can use such an object as a Spellcasting Focus.",1gp,spellcasting_focus,,,,,,,,,,
spyglass,Spyglass,common,Objects viewed through a Spyglass are magnified to twice their size.,1000gp,adventuring_gear,,,,,1,,,,,
stabling_per_day,Stabling (per day),common,,5cp,tack_and_harness,,,,,,,,,,
staff,Staff,common,,5gp,staff|weapon|spellcasting_focus|simple_weapon|melee_weapon,1d6,bludgeoning,,,4,,,,,
staff_of_adornment,Staff of Adornment,common,"If you place a Tiny object weighing no more than 1 pound (such as a shard of crystal, an egg, or a stone) above the tip of this staff while holding it, the object floats an inch from the staff's tip and remains there until it is removed or until the staff is no longer in your possession. The staff can have up to three such objects floating over its tip at any given time. While holding the staff, you can make one or more of the objects slowly spin or turn in place.",,staff|weapon|simple_weapon|melee_weapon,1d6,bludgeoning,,,4,,,,,
staff_of_birdcalls,Staff of Birdcalls,common,"This wooden staff is decorated with bird carvings. It has 10 charges. While holding it, you can take a Magic action to expend 1 charge from the staff and cause it to create one of the following sounds, which can be heard out to 120 feet: a finch's chirp, a raven's caw, a duck's quack, a chicken's cluck, a goose's honk, a loon's call, a turkey's gobble, a seagull's cry, an owl's hoot, or an eagle's shriek.",,staff|weapon|simple_weapon|melee_weapon,1d6,bludgeoning,,,4,,,,,
staff_of_charming,Staff of Charming,rare,"This staff has 10 charges. While holding the staff, you can use any of its properties: Cast Spell. You can expend 1 of the staff's charges to cast Charm Person, Command, or Comprehend Languages from it using your spell save DC.",,staff|weapon|simple_weapon|melee_weapon,1d6,bludgeoning,true,,4,,,,,
staff_of_fire,Staff of Fire,very_rare,You have Resistance to Fire damage while you hold this staff. Spells. The staff has 10 charges.,,staff|weapon|simple_weapon|melee_weapon,1d6,bludgeoning,true,,4,,,,,
staff_of_flowers,Staff of Flowers,common,"This wooden staff has 10 charges. While holding it, you can take a Magic action to expend 1 charge from the staff and cause a flower to sprout from a patch of earth or soil within 5 feet of yourself, or from the staff itself. Unless you choose a specific kind of flower, the staff creates a mild-scented daisy.",,staff|weapon|simple_weapon|melee_weapon,1d6,bludgeoning,,,4,,,,,
staff_of_frost,Staff of Frost,very_rare,You have Resistance to Cold damage while you hold this staff. Spells. The staff has 10 charges.,,staff|weapon|simple_weapon|melee_weapon,1d6,bludgeoning,true,,4,,,,,
staff_of_healing,Staff of Healing,rare,"This staff has 10 charges. While holding the staff, you can cast one of the spells on the following table from it, using your spellcasting ability modifier. The table indicates how many charges you must expend to cast the spell.",,staff|weapon|simple_weapon|melee_weapon,1d6,bludgeoning,true,,4,,,,,
staff_of_power,Staff of Power,very_rare,"This staff has 20 charges and can be wielded as a magic Quarterstaff that grants a +2 bonus to attack rolls and damage rolls made with it. While holding it, you gain a +2 bonus to Armor Class, saving throws, and spell attack rolls. Spells.",,staff|weapon|simple_weapon|melee_weapon,1d6,bludgeoning,true,,4,,,,,
staff_of_striking,Staff of Striking,very_rare,"This staff can be wielded as a magic Quarterstaff that grants a +3 bonus to attack rolls and damage rolls made with it. The staff has 10 charges. When you hit with a melee attack using it, you can expend up to 3 charges.",,staff|weapon|simple_weapon|melee_weapon,1d6,bludgeoning,true,,4,,,,,
staff_of_swarming_insects,Staff of Swarming Insects,rare,"This staff has 10 charges. Insect Cloud. While holding the staff , you can take a Magic action and expend 1 charge to cause a swarm of harmless flying insects to fill a 30-foot Emanation originating from you.",,staff|weapon|simple_weapon|melee_weapon,1d6,bludgeoning,true,,4,,,,,
staff_of_thunder_and_lightning,Staff of Thunder and Lightning,very_rare,"This staff can be wielded as a magic Quarterstaff that grants a +2 bonus to attack rolls and damage rolls made with it. It also has the following additional properties. Once one of these properties is used, it can't be used again until the next dawn.",,staff|weapon|simple_weapon|melee_weapon,1d6,bludgeoning,true,,4,,,,,
staff_of_withering,Staff of Withering,rare,"This staff has 3 charges and regains 1d3 expended charges daily at dawn. The staff can be wielded as a magic Quarterstaff. On a hit, it deals damage as a normal Quarterstaff , and you can expend 1 charge to deal an extra 2d10 Necrotic damage to the target and force it to make a DC 15 Constitution saving throw.",,staff|weapon|simple_weapon|melee_weapon,1d6,bludgeoning,true,,4,,,,,
staff_of_the_adder,Staff of the Adder,uncommon,"As a Bonus Action, you can turn the head of this staff into that of an animate, venomous snake for 1 minute or revert the staff to its inanimate form. When you take the Attack action, you can make one of the attack rolls using the animated snake head, which has a reach of 5 feet. Apply your Proficiency Bonus and Wisdom modifier to the attack roll.",,staff|weapon|simple_weapon|melee_weapon,1d6,bludgeoning,true,,4,,,,,
staff_of_the_magi,Staff of the Magi,legendary,"This staff has 50 charges and can be wielded as a magic Quarterstaff that grants a +2 bonus to attack rolls and damage rolls made with it. While you hold it, you gain a +2 bonus to spell attack rolls. Spell Absorption.",,staff|weapon|simple_weapon|melee_weapon,1d6,bludgeoning,true,,4,,,,,
staff_of_the_python,Staff of the Python,uncommon,"As a Magic action, you can throw this staff so that it lands in an unoccupied space within 10 feet of you, causing the staff to become a Giant Constrictor Snake in that space. The snake is under your control and shares your Initiative count, taking its turn immediately after yours. On your turn, you can mentally command the snake (no action required) if it is within 60 feet of you and you don't have the Incapacitated condition.",,staff|weapon|simple_weapon|melee_weapon,1d6,bludgeoning,true,,4,,,,,
staff_of_the_woodlands,Staff of the Woodlands,rare,"This staff has 6 charges and can be wielded as a magic Quarterstaff that grants a +2 bonus to attack rolls and damage rolls made with it. While holding it, you have a +2 bonus to spell attack rolls. Spells.",,staff|weapon|simple_weapon|melee_weapon,1d6,bludgeoning,true,,4,,,,,
stone_of_controlling_earth_elementals,Stone of Controlling Earth Elementals,rare,"While touching this 5-pound stone to the ground, you can take a Magic action to summon an Earth Elemental. The elemental appears in an unoccupied space you choose within 30 feet of yourself, obeys your commands, and takes its turn immediately after you on your Initiative count. The elemental disappears after 1 hour, when it dies, or when you dismiss it as a Bonus Action.",,wondrous_item,,,,,,,,,,
stone_of_good_luck,Stone of Good Luck,uncommon,"While this polished agate is on your person, you gain a +1 bonus to ability checks and saving throws.",,wondrous_item,,,true,,,,,,,
string,String,common,String is 10 feet long. You can tie a knot in it as a Utilize action.,1sp,adventuring_gear,,,,,,,,,,
studded_leather_armor,Studded Leather Armor,common,,45gp,light_armor,AC 12 + Dex,,,,13,,,,,
sun_blade,Sun Blade,rare,"This item appears to be a sword hilt. Blade of Radiance. While grasping the hilt, you can take a Bonus Action to cause a blade of pure radiance to spring into existence or make the blade disappear.",,weapon_(longsword)|martial_weapon|melee_weapon,1d8,radiant,true,,3,,,,,
sword_of_answering,Sword of Answering,legendary,"You gain a +3 bonus to attack rolls and damage rolls made with this sword. In addition, while you hold the sword, you can take a Reaction to make one melee attack with it against any creature in your reach that deals damage to you. You have Advantage on the attack roll, and any damage dealt with this special attack ignores any Immunity or Resistance the target has to that damage.",,weapon_(longsword)|martial_weapon|melee_weapon,1d8,slashing,true,,3,,,,,
sword_of_kas,Sword of Kas,artifact,"Kas was a powerful warrior who served Vecna and whose loyalty was rewarded with this sword. As Kas's power grew, so did his hubris. The sword urged Kas to destroy Vecna and usurp his throne.",,weapon_(longsword)|martial_weapon|melee_weapon,1d8,slashing,true,,3,,,,,
talisman_of_pure_good,Talisman of Pure Good,legendary,This talisman is a mighty symbol of goodness. A Fiend or an Undead that touches the talisman takes 8d6 Radiant damage and takes the damage again each time it ends its turn holding or carrying the talisman. Holy Symbol.,,wondrous_item,,,true,,1,,,,,
talisman_of_ultimate_evil,Talisman of Ultimate Evil,legendary,This item symbolizes unrepentant evil. A creature that isn't a Fiend or an Undead that touches the talisman takes 8d6 Necrotic damage and takes the damage again each time it ends its turn holding or carrying the talisman. Holy Symbol.,,wondrous_item,,,true,,1,,,,,
talisman_of_the_sphere,Talisman of the Sphere,legendary,"While holding or wearing this talisman, you have Advantage on any Intelligence (Arcana) check you make to control a Sphere of Annihilation. In addition, when you start your turn in control of a Sphere of Annihilation, you can take a Magic action to move it 10 feet plus a number of additional feet equal to 10 times your Intelligence modifier. This movement doesn't have to be in a straight line.",,wondrous_item,,,true,,1,,,,,
talking_doll,Talking Doll,common,"While this doll is within 5 feet of you, you can spend a Short Rest telling it to say up to six phrases, none of which can be more than six words long, and set a condition under which the doll speaks each phrase. You can also replace old phrases with new ones. Whatever the condition, it must occur within 5 feet of the doll to make it speak.",,wondrous_item,,,true,,,,,,,
tankard_of_sobriety,Tankard of Sobriety,common,"This tankard has a stern face sculpted into one side. You can drink ale, wine, or any other nonmagical alcoholic beverage poured into it without becoming inebriated. The tankard has no effect on magical liquids or harmful substances such as poison.",,wondrous_item,,,,,,,,,,
tent,Tent,common,A Tent sleeps up to two Small or Medium creatures.,2gp,adventuring_gear,,,,,20,,,,,
tentacle_rod,Tentacle Rod,rare,"This rod ends in three rubbery tentacles. While holding the rod, you can take a Magic action to direct the tentacles to stretch outward, each one attacking a creature you can see within 15 feet of yourself. For each tentacle, make a melee attack roll with a +9 bonus.",,rod,,,true,,2,,,,,
thieves_tools,Thieves' Tools,common,"Ability: Dexterity Utilize: Pick a lock (DC 15), or disarm a trap (DC 15) If you have proficiency with a tool, add your Proficiency Bonus to any ability check you make that uses the tool. If you have proficiency in a skill that's used with that check, you have Advantage on the check too.",25gp,tool,,,,,1,,,,,
three_dragon_ante_set,Three-Dragon Ante Set,common,"Ability: Wisdom Utilize: Discern whether someone is cheating (DC 10), or win the game (DC 20) If you have proficiency with a tool, add your Proficiency Bonus to any ability check you make that uses the tool. If you have proficiency in a skill that's used with that check, you have Advantage on the check too.",1gp,gaming_set,,,,,,,,,,
thunderous_greatclub,Thunderous Greatclub,very_rare,"While you are attuned to this magic weapon, your Strength is 20 unless your Strength is already equal to or greater than that score. The weapon deals an extra 1d8 Thunder damage to any creature it hits and an extra 3d8 Thunder damage to objects it hits that aren't being worn or carried. The weapon has the following additional properties.",,weapon_(greatclub)|simple_weapon|melee_weapon,1d8,bludgeoning,true,,10,,,,,
tinderbox,Tinderbox,common,"A Tinderbox is a small container holding flint, fire steel, and tinder (usually dry cloth soaked in light oil) used to kindle a fire. Using it to light a Candle, Lamp, Lantern, or Torch—or anything else with exposed fuel—takes a Bonus Action. Lighting any other fire takes 1 minute.",5sp,adventuring_gear,,,,,1,,,,,
tinker_s_tools,Tinker's Tools,common,"Ability: Dexterity Utilize: Assemble a Tiny item composed of scrap, which falls apart in 1 minute (DC 20) Craft: Musket, Pistol, Bell, Bullseye Lantern, Flask, Hooded Lantern, Hunting Trap, Lock, Manacles, Mirror, Shovel, Signal Whistle, Tinderbox Artisan's Tools are each focused on crafting items and pursuing a trade. Each type of Artisan's Tools tools requires a separate proficiency. If you have proficiency with a tool, add your Proficiency Bonus to any ability check you make that uses the tool.",50gp,artisan's_tools,,,,,10,,,,,
tome_of_clear_thought,Tome of Clear Thought,very_rare,"This book contains memory and logic exercises, and its words are charged with magic. If you spend 48 hours over a period of 6 days or fewer studying the book's contents and practicing its guidelines, your Intelligence increases by 2, to a maximum of 30. The manual then loses its magic, but regains it in a century.",,wondrous_item,,,,,5,,,,,
tome_of_leadership_and_influence,Tome of Leadership and Influence,very_rare,"This book contains guidelines for influencing and charming others, and its words are charged with magic. If you spend 48 hours over a period of 6 days or fewer studying the book's contents and practicing its guidelines, your Charisma increases by 2, to a maximum of 30. The manual then loses its magic, but regains it in a century.",,wondrous_item,,,,,5,,,,,
tome_of_understanding,Tome of Understanding,very_rare,"This book contains intuition and insight exercises, and its words are charged with magic. If you spend 48 hours over a period of 6 days or fewer studying the book's contents and practicing its guidelines, your Wisdom increases by 2, to a maximum of 30. The manual then loses its magic, but regains it in a century.",,wondrous_item,,,,,5,,,,,
tome_of_the_stilled_tongue,Tome of the Stilled Tongue,legendary,"This book has a desiccated tongue pinned to its front cover. Five of these tomes exist, and it's unknown which one is the original. The tongue on the first Tome of the Stilled Tongue belonged to a treacherous former servant of the lich Vecna.",,wondrous_item|spellcasting_focus,,,true,,5,,,,,
torch,Torch,common,"A Torch burns for 1 hour, casting Bright Light in a 20-foot radius and Dim Light for an additional 20 feet. When you take the Attack action, you can attack with the Torch, using it as a Simple Melee weapon. On a hit, the target takes 1 Fire damage.",1cp,adventuring_gear,,,,,1,,,,,
torpor,Torpor,common,A creature subjected to Torpor poison must succeed on a DC 15 Constitution saving throw or have the Poisoned condition for 4d6 hours. The creature's Speed is halved while the creature is Poisoned in this way.,600gp,adventuring_gear|poison_(ingested),,,,,,,,,,
traveler_s_clothes,Traveler's Clothes,common,Traveler's Clothes are resilient garments designed for travel in various environments.,2gp,adventuring_gear,,,,,4,,,,,
trident,Trident,common,,5gp,weapon|martial_weapon|melee_weapon,1d8,piercing,,,4,,,,,
trident_of_fish_command,Trident of Fish Command,uncommon,"This magic weapon has 3 charges, and it regains 1d3 expended charges daily at dawn. While you carry it, you can expend 1 charge to cast Dominate Beast (save DC 15) from it on a Beast that has a Swim Speed.",,weapon_(trident)|martial_weapon|melee_weapon,1d8,piercing,true,,4,,,,,
trinket,Trinket,common,"When you make your character, you can roll once on the Trinkets table to gain a Tiny trinket, a simple item lightly touched by mystery. The DM might also use this table. It can help stock a room in a dungeon or fill a creature's pockets.",,adventuring_gear,,,,,,,,,,
truth_serum,Truth Serum,common,A creature subjected to Truth Serum must succeed on a DC 11 Constitution saving throw or have the Poisoned condition for 1 hour. The Poisoned creature can't knowingly communicate a lie.,150gp,adventuring_gear|poison_(ingested),,,,,,,,,,
universal_solvent,Universal Solvent,legendary,"This tube holds milky liquid with a strong alcohol smell. When found, a tube contains 1d6 + 1 ounces. You can take a Utilize action to pour 1 or more ounces of solvent from the tube onto a surface within reach.",,wondrous_item,,,,,,,,,,
veteran_s_cane,Veteran's Cane,common,"As a Bonus Action, you can transform this walking cane into an ordinary Longsword or change the Longsword back into a walking cane. In either case, you must be holding the item.",,wondrous_item,,,,,,,,,,
vial,Vial,common,A Vial holds up to 4 ounces.,1gp,adventuring_gear,,,,,,,,,,
viol,Viol,common,"Ability: Charisma Utilize: Play a known tune (DC 10), or improvise a song (DC 15) If you have proficiency with a tool, add your Proficiency Bonus to any ability check you make that uses the tool. If you have proficiency in a skill that's used with that check, you have Advantage on the check too.",30gp,instrument,,,,,1,,,,,
wagon,Wagon,common,,35gp,vehicle_(land),,,,,400,,,,,
wand,Wand,common,"An Arcane Focus takes a specific form and is bejeweled or carved to channel arcane magic. A Sorcerer, Warlock, or Wizard can use such an item as a Spellcasting Focus.",10gp,spellcasting_focus,,,,,1,,,,,
wand_of_binding,Wand of Binding,rare,"This wand has 7 charges. Spells. While holding the wand, you can cast one of the spells (save DC 17) on the following table from it.",,wand,,,true,,1,,,,,
wand_of_conducting,Wand of Conducting,common,"This wand has 3 charges. While holding it, you can take a Magic action to expend 1 charge and create orchestral music by waving it around. The music can be heard out to 120 feet and ends when you stop waving the wand.",,wand,,,,,1,,,,,
wand_of_enemy_detection,Wand of Enemy Detection,rare,"This wand has 7 charges. While holding it, you can take a Magic action to expend 1 charge. For 1 minute, you know the direction of the nearest creature Hostile to you within 60 feet, but not its distance from you.",,wand,,,true,,1,,,,,
wand_of_fear,Wand of Fear,rare,"This wand has 7 charges. Spells. While holding the wand, you can cast one of the spells (save DC 15) on the following table from it.",,wand,,,true,,1,,,,,
wand_of_fireballs,Wand of Fireballs,rare,"This wand has 7 charges. While holding it, you can expend no more than 3 charges to cast Fireball (save DC 15) from it. For 1 charge, you cast the level 3 version of the spell.",,wand,,,true,,1,,,,,
wand_of_lightning_bolts,Wand of Lightning Bolts,rare,"This wand has 7 charges. While holding it, you can expend no more than 3 charges to cast Lightning Bolt (save DC 15) from it. For 1 charge, you cast the level 3 version of the spell.",,wand,,,true,,1,,,,,
wand_of_magic_detection,Wand of Magic Detection,uncommon,"This wand has 3 charges. While holding it, you can expend 1 charge to cast Detect Magic from it. The wand regains 1d3 expended charges daily at dawn.",,wand,,,,,1,,,,,
wand_of_magic_missiles,Wand of Magic Missiles,uncommon,"This wand has 7 charges. While holding it, you can expend no more than 3 charges to cast Magic Missile from it. For 1 charge, you cast the level 1 version of the spell.",,wand,,,,,1,,,,,
wand_of_orcus,Wand of Orcus,artifact,"Crafted and wielded by Orcus, this ghastly wand slips from the demon lord's grasp from time to time. When it does, it magically appears wherever the demon lord senses an opportunity to achieve some fell goal. The wand is topped with a skull that once belonged to a human hero slain by Orcus.",,weapon_(mace)|wand|simple_weapon|melee_weapon,1d6,bludgeoning,true,,4,,,,,
wand_of_paralysis,Wand of Paralysis,rare,"This wand has 7 charges. While holding it, you can take a Magic action to expend 1 charge to cause a thin blue ray to streak from the tip toward a creature you can see within 60 feet of yourself. The target must succeed on a DC 15 Constitution saving throw or have the Paralyzed condition for 1 minute.",,wand,,,true,,1,,,,,
wand_of_polymorph,Wand of Polymorph,very_rare,"This wand has 7 charges. While holding it, you can expend 1 charge to cast Polymorph (save DC 15) from it. Regaining Charges.",,wand,,,true,,1,,,,,
wand_of_pyrotechnics,Wand of Pyrotechnics,common,"This wand has 7 charges. While holding it, you can take a Magic action to expend 1 charge and create a harmless burst of multicolored light at a point you can see up to 120 feet away. The burst of light is accompanied by a crackling noise that can be heard up to 300 feet away.",,wand,,,,,1,,,,,
wand_of_secrets,Wand of Secrets,uncommon,"This wand has 3 charges and regains 1d3 expended charges daily at dawn. While holding it, you can take a Magic action to expend 1 charge, and if a secret door or trap is within 60 feet of you, the wand pulses and points at the one nearest to you.",,wand,,,,,1,,,,,
wand_of_web,Wand of Web,uncommon,"This wand has 7 charges. While holding it, you can expend 1 charge to cast Web (save DC 13) from it. Regaining Charges.",,wand,,,true,,1,,,,,
wand_of_wonder,Wand of Wonder,rare,"This wand has 7 charges. While holding it, you can take a Magic action to expend 1 charge while choosing a point within 120 feet of yourself. That location becomes the point of origin of a spell or other magical effect determined by rolling on the Wand of Wonder Effects table.",,wand,,,true,,1,,,,,
wand_of_the_war_mage,Wand of the War Mage,common,,,wand,,,true,,1,,,,,
war_pick,War Pick,common,,5gp,weapon|martial_weapon|melee_weapon,1d8,piercing,,,2,,,,,
warhammer,Warhammer,common,,15gp,weapon|martial_weapon|melee_weapon,1d8,bludgeoning,,,5,,,,,
warhorse,Warhorse,common,,400gp,mount,"Speed: 60, Carrying Capacity: 540 lb.",,,,,,,,,
warship,Warship,common,,25000gp,vehicle_(water),"Speed: 2½ mphCarrying Capacity: 200 tons cargo, 60 passengersCrew 60, AC 15, HP 500, Damage Threshold 20",,,,,,,,,
waterskin,Waterskin,common,"A Waterskin holds up to 4 pints. If you don't drink sufficient water, you risk dehydration.",2sp,adventuring_gear,,,,,5,,,,,
wave,Wave,artifact,"Held in the dungeon of White Plume Mountain, Wave is engraved with images of waves, shells, and sea creatures. You gain a +3 bonus to attack rolls and damage rolls made with this magic weapon. When you roll a 20 on the d20 for an attack roll with this weapon, the target takes an extra 21 Necrotic damage.",,weapon_(trident)|martial_weapon|melee_weapon,1d8,piercing,true,,4,,,,,
weaver_s_tools,Weaver's Tools,common,"Ability: Dexterity Utilize: Mend a tear in clothing (DC 10), or sew a Tiny design (DC 10) Craft: Padded Armor, Basket, Bedroll, Blanket, Fine Clothes, Net, Robe, Rope, Sack, String, Tent, Traveler's Clothes Artisan's Tools are each focused on crafting items and pursuing a trade. Each type of Artisan's Tools tools requires a separate proficiency. If you have proficiency with a tool, add your Proficiency Bonus to any ability check you make that uses the tool.",1gp,artisan's_tools,,,,,5,,,,,
well_of_many_worlds,Well of Many Worlds,legendary,"This fine black cloth, soft as silk, is folded up to the dimensions of a handkerchief. It unfolds into a circular sheet 6 feet in diameter. You can take a Magic action to unfold the Well of Many Worlds and place it on a solid surface, whereupon it forms a two-way, 6-foot-diameter, circular portal to another world or plane of existence.",,wondrous_item,,,,,,,,,,
wheat,Wheat,common,Merchants commonly exchange trade goods without using currency.,1cp,trade_good,,,,,1,,,,,
whelm,Whelm,artifact,Whelm is a powerful weapon forged by dwarves and lost in the dungeon of White Plume Mountain. You gain a +3 bonus to attack rolls and damage rolls made with this magic weapon. Hurl.,,weapon_(warhammer)|martial_weapon|melee_weapon,1d8,bludgeoning,true,,5,,,,,
whip,Whip,common,,2gp,weapon|martial_weapon|melee_weapon,1d4,slashing,,,3,,,,,
white_dragon_scale_mail,White Dragon Scale Mail,very_rare,"Dragon Scale Mail is made of the scales of one kind of dragon. Sometimes dragons collect their cast-off scales and gift them. Other times, hunters carefully preserve the hide of a dead dragon.",,medium_armor_(scale_mail),AC 14 + Dex (max 2),,true,,45,,,,,
wind_fan,Wind Fan,uncommon,"While holding this fan, you can cast Gust of Wind (save DC 13) from it. Each subsequent time the fan is used before the next dawn, it has a cumulative 20 percent chance of not working; if the fan fails to work, it tears into useless, nonmagical tatters.",,wondrous_item,,,,,,,,,,
winged_boots,Winged Boots,uncommon,"These boots have 4 charges and regain 1d4 expended charges daily at dawn. While wearing the boots, you can take a Magic action to expend 1 charge, gaining a Fly Speed of 30 feet for 1 hour. If you are flying when the duration expires, you descend at a rate of 30 feet per round until you land.",,wondrous_item,,,true,,,,,,,
wings_of_flying,Wings of Flying,rare,"While wearing this cloak, you can take a Magic action to turn the cloak into a pair of wings on your back. The wings lasts for 1 hour or until you end the effect early as a Magic action. The wings give you a Fly Speed of 60 feet.",,wondrous_item,,,true,,,,,,,
woodcarver_s_tools,Woodcarver's Tools,common,"Ability: Dexterity Utilize: Carve a pattern in wood (DC 10) Craft: Club, Greatclub, Quarterstaff, Ranged weapons (except Pistol, Musket, and Sling), Arcane Focus, Arrows, Bolts, Druidic Focus, Ink Pen, Needles Artisan's Tools are each focused on crafting items and pursuing a trade. Each type of Artisan's Tools tools requires a separate proficiency. If you have proficiency with a tool, add your Proficiency Bonus to any ability check you make that uses the tool.",1gp,artisan's_tools,,,,,5,,,,,
wooden_staff,Wooden Staff,common,,5gp,weapon|spellcasting_focus|simple_weapon,1d6,bludgeoning,,,4,,,,,
wraps_of_unarmed_power,Wraps of Unarmed Power,common,,,wondrous_item,,,,,,,,,,
wyvern_poison,Wyvern Poison,common,"A creature subjected to Wyvern Poison makes a DC 14 Constitution saving throw, taking 24 (7d6) Poison damage on a failed save or half as much damage on a successful one.",1200gp,adventuring_gear|poison_(injury),,,,,,,,,,
yew_wand,Yew Wand,common,"A Druidic Focus takes a specific form and is carved, tied with ribbon, or painted to channel primal magic. A Druid or Ranger can use such an object as a Spellcasting Focus.",10gp,spellcasting_focus,,,,,1,,,,,
